"license_licenseAbbrev","license_id","license_media_id","license_media_id_type","license_media_type","license_media_url","license_media_from_date"
"N. Laprovittola",20211947,25992,5,"foto_de_cara","https://static.acb.com/media/PRO/00/00/46/50/73/0000465073_03.jpg",1662037200
"N. Laprovittola",20211947,27117,4,"foto_juego","https://static.acb.com/media/PRO/00/00/47/14/75/0000471475_03.jpg",1662037200
"N. Laprovittola",20211947,26561,1,"foto_cuerpo","https://static.acb.com/media/PRO/00/00/46/50/80/0000465080_03.jpg",1662037200
"S. Enoch",30000290,26947,1,"foto_cuerpo","https://static.acb.com/media/PRO/00/00/46/87/84/0000468784_03.jpg",1662037200
"S. Enoch",30000290,25776,5,"foto_de_cara","https://static.acb.com/media/PRO/00/00/46/87/68/0000468768_03.jpg",1662037200
"S. Raieste",20212239,26959,1,"foto_cuerpo","https://static.acb.com/media/PRO/00/00/46/87/62/0000468762_03.jpg",1662037200
"S. Raieste",20212239,25761,5,"foto_de_cara","https://static.acb.com/media/PRO/00/00/46/87/54/0000468754_03.jpg",1662037200
"D. Thompson",30001900,26951,1,"foto_cuerpo","https://static.acb.com/media/PRO/00/00/46/86/57/0000468657_03.jpg",1662037200
"D. Thompson",30001900,26950,5,"foto_de_cara","https://static.acb.com/media/PRO/00/00/46/86/50/0000468650_03.jpg",1662037200
"M. Howard",30001957,26953,5,"foto_de_cara","https://static.acb.com/media/PRO/00/00/46/87/04/0000468704_03.jpg",1662037200
"M. Howard",30001957,26937,1,"foto_cuerpo","https://static.acb.com/media/PRO/00/00/46/87/13/0000468713_03.jpg",1662040800
"D. Hommes",30001901,26948,5,"foto_de_cara","https://static.acb.com/media/PRO/00/00/46/86/63/0000468663_03.jpg",1662037200
"D. Hommes",30001901,26949,1,"foto_cuerpo","https://static.acb.com/media/PRO/00/00/46/86/70/0000468670_03.jpg",1662037200
"T. Satoransky",20202163,26556,5,"foto_de_cara","https://static.acb.com/media/PRO/00/00/46/51/48/0000465148_03.jpg",1662037200
"T. Satoransky",20202163,26557,1,"foto_cuerpo","https://static.acb.com/media/PRO/00/00/46/51/54/0000465154_03.jpg",1662037200
"T. Satoransky",20202163,27116,4,"foto_juego","https://static.acb.com/media/PRO/00/00/47/88/75/0000478875_03.jpg",1662037200
"S. Sanli",30001120,25991,5,"foto_de_cara","https://static.acb.com/media/PRO/00/00/46/51/33/0000465133_03.jpg",1630900800
"S. Sanli",30001120,26553,1,"foto_cuerpo","https://static.acb.com/media/PRO/00/00/46/51/46/0000465146_03.jpg",1662037200
"S. Sanli",30001120,27130,4,"foto_juego","https://static.acb.com/media/PRO/00/00/47/76/34/0000477634_03.jpg",1662037200
"A. Abrines",20209223,25814,5,"foto_de_cara","https://static.acb.com/media/PRO/00/00/46/39/90/0000463990_03.jpg",1662037200
"A. Abrines",20209223,26359,1,"foto_cuerpo","https://static.acb.com/media/PRO/00/00/46/39/95/0000463995_03.jpg",1662037200
"A. Abrines",20209223,27115,4,"foto_juego","https://static.acb.com/media/PRO/00/00/47/88/25/0000478825_03.jpg",1662037200
"N. Kalinic",30000314,27120,4,"foto_juego","https://static.acb.com/media/PRO/00/00/47/14/72/0000471472_03.jpg",1662037200
"N. Kalinic",30000314,26560,1,"foto_cuerpo","https://static.acb.com/media/PRO/00/00/46/50/94/0000465094_03.jpg",1662037200
"N. Kalinic",30000314,26559,5,"foto_de_cara","https://static.acb.com/media/PRO/00/00/46/50/90/0000465090_03.jpg",1662037200
"V. Marinkovic",30000045,26957,1,"foto_cuerpo","https://static.acb.com/media/PRO/00/00/46/88/13/0000468813_03.jpg",1662037200
"V. Marinkovic",30000045,25751,5,"foto_de_cara","https://static.acb.com/media/PRO/00/00/46/88/04/0000468804_03.jpg",1662037200
"R. Giedraitis",30000306,26219,5,"foto_de_cara","https://static.acb.com/media/PRO/00/00/46/87/36/0000468736_03.jpg",1662037200
"R. Giedraitis",30000306,26954,1,"foto_cuerpo","https://static.acb.com/media/PRO/00/00/46/87/42/0000468742_03.jpg",1662037200
"J. Vesely",30001949,26555,5,"foto_de_cara","https://static.acb.com/media/PRO/00/00/46/50/38/0000465038_03.jpg",1662037200
"J. Vesely",30001949,27122,4,"foto_juego","https://static.acb.com/media/PRO/00/00/47/76/20/0000477620_03.jpg",1662037200
"J. Vesely",30001949,26554,1,"foto_cuerpo","https://static.acb.com/media/PRO/00/00/46/50/45/0000465045_03.jpg",1662037200
"S. Martínez",20210335,26343,1,"foto_cuerpo","https://static.acb.com/media/PRO/00/00/46/41/60/0000464160_03.jpg",1662037200
"S. Martínez",20210335,27125,4,"foto_juego","https://static.acb.com/media/PRO/00/00/47/08/45/0000470845_03.jpg",1662037200
"S. Martínez",20210335,25813,5,"foto_de_cara","https://static.acb.com/media/PRO/00/00/46/41/55/0000464155_03.jpg",1662037200
"M. Costello",30000032,26945,1,"foto_cuerpo","https://static.acb.com/media/PRO/00/00/46/87/29/0000468729_03.jpg",1662037200
"M. Costello",30000032,26232,5,"foto_de_cara","https://static.acb.com/media/PRO/00/00/46/87/21/0000468721_03.jpg",1662037200
"R. Jokubaitis",30001217,26558,1,"foto_cuerpo","https://static.acb.com/media/PRO/00/00/46/51/26/0000465126_03.jpg",1662037200
"R. Jokubaitis",30001217,27129,4,"foto_juego","https://static.acb.com/media/PRO/00/00/47/76/84/0000477684_03.jpg",1664200800
"R. Jokubaitis",30001217,25993,5,"foto_de_cara","https://static.acb.com/media/PRO/00/00/46/51/18/0000465118_03.jpg",1662037200
"M. Kotsar",30001976,26938,1,"foto_cuerpo","https://static.acb.com/media/PRO/00/00/46/87/02/0000468702_03.jpg",1662037200
"M. Kotsar",30001976,26952,5,"foto_de_cara","https://static.acb.com/media/PRO/00/00/46/86/94/0000468694_03.jpg",1662037200
"O. Da Silva",30001950,26344,1,"foto_cuerpo","https://static.acb.com/media/PRO/00/00/46/41/49/0000464149_03.jpg",1662037200
"O. Da Silva",30001950,27119,4,"foto_juego","https://static.acb.com/media/PRO/00/00/47/15/21/0000471521_03.jpg",1662037200
"O. Da Silva",30001950,26361,5,"foto_de_cara","https://static.acb.com/media/PRO/00/00/46/41/39/0000464139_03.jpg",1662037200
"A. Kurucs",20211887,25782,5,"foto_de_cara","https://static.acb.com/media/PRO/00/00/46/86/16/0000468616_03.jpg",1662037200
"A. Kurucs",20211887,26958,1,"foto_cuerpo","https://static.acb.com/media/PRO/00/00/46/86/23/0000468623_03.jpg",1662037200
"K. Kuric",20210232,25806,5,"foto_de_cara","https://static.acb.com/media/PRO/00/00/46/40/77/0000464077_03.jpg",1662037200
"K. Kuric",20210232,26357,1,"foto_cuerpo","https://static.acb.com/media/PRO/00/00/46/40/84/0000464084_03.jpg",1662037200
"K. Kuric",20210232,27128,4,"foto_juego","https://static.acb.com/media/PRO/00/00/47/15/23/0000471523_03.jpg",1662037200
"O. Paulí",20209098,26356,1,"foto_cuerpo","https://static.acb.com/media/PRO/00/00/46/41/29/0000464129_03.jpg",1662037200
"O. Paulí",20209098,25886,5,"foto_de_cara","https://static.acb.com/media/PRO/00/00/46/41/23/0000464123_03.jpg",1662037200
"O. Paulí",20209098,27123,4,"foto_juego","https://static.acb.com/media/PRO/00/00/47/14/81/0000471481_03.jpg",1662037200
"D. Díez",20204156,26956,1,"foto_cuerpo","https://static.acb.com/media/PRO/00/00/46/86/48/0000468648_03.jpg",1662037200
"D. Díez",20204156,25641,5,"foto_de_cara","https://static.acb.com/media/PRO/00/00/46/86/35/0000468635_03.jpg",1662037200
"T. Sedekerskis",20210830,26955,1,"foto_cuerpo","https://static.acb.com/media/PRO/00/00/46/87/94/0000468794_03.jpg",1662037200
"T. Sedekerskis",20210830,25747,5,"foto_de_cara","https://static.acb.com/media/PRO/00/00/46/87/87/0000468787_03.jpg",1662037200
"J. Nnaji",30001353,26946,1,"foto_cuerpo","https://static.acb.com/media/PRO/00/00/46/40/67/0000464067_03.jpg",1662037200
"J. Nnaji",30001353,27127,4,"foto_juego","https://static.acb.com/media/PRO/00/00/47/88/65/0000478865_03.jpg",1662037200
"J. Nnaji",30001353,25612,5,"foto_de_cara","https://static.acb.com/media/PRO/00/00/46/40/59/0000464059_03.jpg",1662037200
"A. Tomic",20202172,25838,5,"foto_de_cara","https://static.acb.com/media/PRO/00/00/47/05/83/0000470583_03.jpg",1656680400
"A. Tomic",20202172,26932,1,"foto_cuerpo","https://static.acb.com/media/PRO/00/00/47/05/88/0000470588_03.jpg",1662044400
"V. Claver",20201901,26023,5,"foto_de_cara","https://static.acb.com/media/PRO/00/00/46/90/94/0000469094_03.jpg",1662037200
"V. Claver",20201901,26967,1,"foto_cuerpo","https://static.acb.com/media/PRO/00/00/46/90/96/0000469096_03.jpg",1662037200
"C. Jones",30002048,26943,5,"foto_de_cara","https://static.acb.com/media/PRO/00/00/46/88/93/0000468893_03.jpg",1662037200
"C. Jones",30002048,26935,1,"foto_cuerpo","https://static.acb.com/media/PRO/00/00/46/89/03/0000468903_03.jpg",1662037200
"B. Dubljevic",20210254,25887,5,"foto_de_cara","https://static.acb.com/media/PRO/00/00/46/88/77/0000468877_03.jpg",1662037200
"B. Dubljevic",20210254,26933,1,"foto_cuerpo","https://static.acb.com/media/PRO/00/00/46/88/85/0000468885_03.jpg",1662037200
"K. Prepelic",20212954,26941,1,"foto_cuerpo","https://static.acb.com/media/PRO/00/00/46/90/15/0000469015_03.jpg",1662037200
"K. Prepelic",20212954,26028,5,"foto_de_cara","https://static.acb.com/media/PRO/00/00/46/90/10/0000469010_03.jpg",1662037200
"H. Ellenson",30001117,26161,5,"foto_de_cara","https://static.acb.com/media/PRO/00/00/46/52/34/0000465234_03.jpg",1662037200
"H. Ellenson",30001117,26562,1,"foto_cuerpo","https://static.acb.com/media/PRO/00/00/46/52/45/0000465245_03.jpg",1662037200
"Y. Kraag",30000095,26658,1,"foto_cuerpo","https://static.acb.com/media/PRO/00/00/46/53/73/0000465373_03.jpg",1662037200
"Y. Kraag",30000095,26090,5,"foto_de_cara","https://static.acb.com/media/PRO/00/00/46/53/65/0000465365_03.jpg",1648087200
"K. Guy",30002027,26565,1,"foto_cuerpo","https://static.acb.com/media/PRO/00/00/46/52/58/0000465258_03.jpg",1662037200
"K. Guy",30002027,26566,5,"foto_de_cara","https://static.acb.com/media/PRO/00/00/46/52/54/0000465254_03.jpg",1662037200
"G. Vives",20204158,26585,1,"foto_cuerpo","https://static.acb.com/media/PRO/00/00/46/52/29/0000465229_03.jpg",1662037200
"G. Vives",20204158,25829,5,"foto_de_cara","https://static.acb.com/media/PRO/00/00/46/52/13/0000465213_03.jpg",1662130800
"J. Pradilla",20211129,26939,1,"foto_cuerpo","https://static.acb.com/media/PRO/00/00/46/89/19/0000468919_03.jpg",1662037200
"J. Pradilla",20211129,26032,5,"foto_de_cara","https://static.acb.com/media/PRO/00/00/46/89/16/0000468916_03.jpg",1662037200
"J. Parra",20212265,25842,5,"foto_de_cara","https://static.acb.com/media/PRO/00/00/47/06/06/0000470606_03.jpg",1662044400
"J. Parra",20212265,26931,1,"foto_cuerpo","https://static.acb.com/media/PRO/00/00/47/06/09/0000470609_03.jpg",1662044400
"Z. Maronka",30000153,26583,1,"foto_cuerpo","https://static.acb.com/media/PRO/00/00/46/53/96/0000465396_03.jpg",1662037200
"Z. Maronka",30000153,26254,5,"foto_de_cara","https://static.acb.com/media/PRO/00/00/46/53/83/0000465383_03.jpg",1662058800
"López-Arostegui",20211660,26940,1,"foto_cuerpo","https://static.acb.com/media/PRO/00/00/46/91/21/0000469121_03.jpg",1662037200
"López-Arostegui",20211660,26270,5,"foto_de_cara","https://static.acb.com/media/PRO/00/00/46/91/07/0000469107_03.jpg",1662037200
"J. Radebaugh",30001917,26934,1,"foto_cuerpo","https://static.acb.com/media/PRO/00/00/46/89/87/0000468987_03.jpg",1662037200
"J. Radebaugh",30001917,26942,5,"foto_de_cara","https://static.acb.com/media/PRO/00/00/46/89/77/0000468977_03.jpg",1662037200
"K. Alexander",30000909,26104,5,"foto_de_cara","https://static.acb.com/media/PRO/00/00/46/90/32/0000469032_03.jpg",1662037200
"K. Alexander",30000909,26968,1,"foto_cuerpo","https://static.acb.com/media/PRO/00/00/46/90/37/0000469037_03.jpg",1662037200
"J. Harper",30002061,26969,5,"foto_de_cara","https://static.acb.com/media/PRO/00/00/46/89/44/0000468944_03.jpg",1662037200
"J. Harper",30002061,26936,1,"foto_cuerpo","https://static.acb.com/media/PRO/00/00/46/89/46/0000468946_03.jpg",1662037200
"J. Rivero",30000076,26960,1,"foto_cuerpo","https://static.acb.com/media/PRO/00/00/46/89/60/0000468960_03.jpg",1662040800
"J. Rivero",30000076,26031,5,"foto_de_cara","https://static.acb.com/media/PRO/00/00/46/89/57/0000468957_03.jpg",1662037200
"A. Feliz",30001114,26564,1,"foto_cuerpo","https://static.acb.com/media/PRO/00/00/46/51/87/0000465187_03.jpg",1662037200
"A. Feliz",30001114,26114,5,"foto_de_cara","https://static.acb.com/media/PRO/00/00/46/51/83/0000465183_03.jpg",1662037200
"S. Birgander",20212423,25746,5,"foto_de_cara","https://static.acb.com/media/PRO/00/00/46/53/24/0000465324_03.jpg",1625112000
"S. Birgander",20212423,26582,1,"foto_cuerpo","https://static.acb.com/media/PRO/00/00/46/53/34/0000465334_03.jpg",1662037200
"P. Ribas",20200836,26437,5,"foto_de_cara","https://static.acb.com/media/PRO/00/00/46/52/86/0000465286_03.jpg",1662048000
"P. Ribas",20200836,26563,1,"foto_cuerpo","https://static.acb.com/media/PRO/00/00/46/52/96/0000465296_03.jpg",1662037200
"J. Puerto",20210392,26970,1,"foto_cuerpo","https://static.acb.com/media/PRO/00/00/46/90/01/0000469001_03.jpg",1662037200
"J. Puerto",20210392,26030,5,"foto_de_cara","https://static.acb.com/media/PRO/00/00/46/89/92/0000468992_03.jpg",1662037200
"P. Busquets",20211754,25819,5,"foto_de_cara","https://static.acb.com/media/PRO/00/00/46/53/05/0000465305_03.jpg",1625112000
"P. Busquets",20211754,26581,1,"foto_cuerpo","https://static.acb.com/media/PRO/00/00/46/53/16/0000465316_03.jpg",1662037200
"S. Van Rossom",20204111,26024,5,"foto_de_cara","https://static.acb.com/media/PRO/00/00/46/90/75/0000469075_03.jpg",1662037200
"S. Van Rossom",20204111,26974,1,"foto_cuerpo","https://static.acb.com/media/PRO/00/00/46/90/84/0000469084_03.jpg",1662037200
"J. Shurna",20210670,26630,1,"foto_cuerpo","https://static.acb.com/media/PRO/00/00/46/63/13/0000466313_03.jpg",1662037200
"J. Shurna",20210670,26197,5,"foto_de_cara","https://static.acb.com/media/PRO/00/00/46/63/02/0000466302_03.jpg",1662037200
"D. Osetkowski",30001979,26603,5,"foto_de_cara","https://static.acb.com/media/PRO/00/00/46/54/74/0000465474_03.jpg",1662037200
"D. Osetkowski",30001979,26570,1,"foto_cuerpo","https://static.acb.com/media/PRO/00/00/46/54/82/0000465482_03.jpg",1662037200
"T. Kalinoski",30001169,26576,1,"foto_cuerpo","https://static.acb.com/media/PRO/00/00/46/56/66/0000465666_03.jpg",1662037200
"T. Kalinoski",30001169,26203,5,"foto_de_cara","https://static.acb.com/media/PRO/00/00/46/56/51/0000465651_03.jpg",1631671200
"A. Lima",20200277,26575,1,"foto_cuerpo","https://static.acb.com/media/PRO/00/00/46/54/21/0000465421_03.jpg",1662037200
"A. Lima",20200277,26095,5,"foto_de_cara","https://static.acb.com/media/PRO/00/00/46/54/17/0000465417_03.jpg",1662037200
"N. Djedovic",20202039,26608,5,"foto_de_cara","https://static.acb.com/media/PRO/00/00/46/56/19/0000465619_03.jpg",1662044400
"N. Djedovic",20202039,26574,1,"foto_cuerpo","https://static.acb.com/media/PRO/00/00/46/56/26/0000465626_03.jpg",1662037200
"J. Kljajic",20212462,27016,5,"foto_de_cara","https://static.acb.com/media/PRO/00/00/46/63/16/0000466316_03.jpg",1662037200
"J. Kljajic",20212462,26632,1,"foto_cuerpo","https://static.acb.com/media/PRO/00/00/46/63/21/0000466321_03.jpg",1662037200
"N. Brussino",20212648,26628,1,"foto_cuerpo","https://static.acb.com/media/PRO/00/00/46/63/89/0000466389_03.jpg",1662037200
"N. Brussino",20212648,26195,5,"foto_de_cara","https://static.acb.com/img/www/jugadores2022/BrussinoCara.jpg",1630447200
"A. Albicy",20212190,26912,1,"foto_cuerpo","https://static.acb.com/media/PRO/00/00/46/85/56/0000468556_03.jpg",1662037200
"A. Albicy",20212190,26192,5,"foto_de_cara","https://static.acb.com/media/PRO/00/00/46/85/45/0000468545_03.jpg",1662037200
"K. Diop",20212905,26627,1,"foto_cuerpo","https://static.acb.com/media/PRO/00/00/46/63/43/0000466343_03.jpg",1662037200
"K. Diop",20212905,26216,5,"foto_de_cara","https://static.acb.com/img/www/jugadores2022/KDiopCara.jpg",1625104800
"K. Perry",30001977,26571,1,"foto_cuerpo","https://static.acb.com/media/PRO/00/00/46/55/48/0000465548_03.jpg",1662037200
"K. Perry",30001977,26604,5,"foto_de_cara","https://static.acb.com/media/PRO/00/00/46/55/37/0000465537_03.jpg",1662037200
"F. Bassas",20200243,26631,1,"foto_cuerpo","https://static.acb.com/media/PRO/00/00/46/62/84/0000466284_03.jpg",1662037200
"F. Bassas",20200243,25831,5,"foto_de_cara","https://static.acb.com/media/PRO/00/00/46/62/79/0000466279_03.jpg",1662037200
"AJ Slaughter",30000031,26194,5,"foto_de_cara","https://static.acb.com/media/PRO/00/00/46/85/31/0000468531_03.jpg",1662044400
"AJ Slaughter",30000031,26913,1,"foto_cuerpo","https://static.acb.com/media/PRO/00/00/46/85/41/0000468541_03.jpg",1662037200
"D. Kravish",30000023,26578,1,"foto_cuerpo","https://static.acb.com/media/PRO/00/00/46/54/62/0000465462_03.jpg",1662037200
"D. Kravish",30000023,26612,5,"foto_de_cara","https://static.acb.com/media/PRO/00/00/46/54/50/0000465450_03.jpg",1663592400
"D. Inglis",30001509,26033,5,"foto_de_cara","https://static.acb.com/media/PRO/00/00/46/62/19/0000466219_03.jpg",1662037200
"D. Inglis",30001509,26626,1,"foto_cuerpo","https://static.acb.com/media/PRO/00/00/46/62/25/0000466225_03.jpg",1662037200
"W. Thomas",20211316,26606,5,"foto_de_cara","https://static.acb.com/media/PRO/00/00/46/56/96/0000465696_03.jpg",1662037200
"W. Thomas",20211316,26572,1,"foto_cuerpo","https://static.acb.com/media/PRO/00/00/46/57/07/0000465707_03.jpg",1662037200
"A. Balcerowski",20212243,26038,5,"foto_de_cara","https://static.acb.com/media/PRO/00/00/46/85/81/0000468581_03.jpg",1662037200
"A. Balcerowski",20212243,26914,1,"foto_cuerpo","https://static.acb.com/media/PRO/00/00/46/85/88/0000468588_03.jpg",1662037200
"T. Carter",30001978,26605,5,"foto_de_cara","https://static.acb.com/media/PRO/00/00/46/56/75/0000465675_03.jpg",1662037200
"T. Carter",30001978,26579,1,"foto_cuerpo","https://static.acb.com/media/PRO/00/00/46/56/86/0000465686_03.jpg",1662037200
"J. Barreiro",20200191,25738,5,"foto_de_cara","https://static.acb.com/media/PRO/00/00/46/55/15/0000465515_03.jpg",1654002000
"J. Barreiro",20200191,26577,1,"foto_cuerpo","https://static.acb.com/media/PRO/00/00/46/55/23/0000465523_03.jpg",1662037200
"M. Salvó",20212441,26634,1,"foto_cuerpo","https://static.acb.com/media/PRO/00/00/46/63/71/0000466371_03.jpg",1662037200
"M. Salvó",20212441,26193,5,"foto_de_cara","https://static.acb.com/media/PRO/00/00/46/63/64/0000466364_03.jpg",1662037200
"A. Díaz",20209226,27006,1,"foto_cuerpo","https://static.acb.com/media/PRO/00/00/46/99/14/0000469914_03.jpg",1663246800
"A. Díaz",20209226,26003,5,"foto_de_cara","https://static.acb.com/media/PRO/00/00/46/99/08/0000469908_03.jpg",1663246800
"D. Brizuela",20209919,27004,1,"foto_cuerpo","https://static.acb.com/media/PRO/00/00/46/99/33/0000469933_03.jpg",1663246800
"D. Brizuela",20209919,25729,5,"foto_de_cara","https://static.acb.com/media/PRO/00/00/46/99/27/0000469927_03.jpg",1663246800
"M. Ejim",30000049,26607,5,"foto_de_cara","https://static.acb.com/media/PRO/00/00/46/55/83/0000465583_03.jpg",1662037200
"M. Ejim",30000049,26573,1,"foto_cuerpo","https://static.acb.com/media/PRO/00/00/46/55/89/0000465589_03.jpg",1662037200
"S. Evans",30001134,26702,1,"foto_cuerpo","https://static.acb.com/media/PRO/00/00/47/01/96/0000470196_03.jpg",1662044400
"S. Evans",30001134,26229,5,"foto_de_cara","https://static.acb.com/media/PRO/00/00/46/75/22/0000467522_03.jpg",1662037200
"R. Kurucs",20211797,26711,1,"foto_cuerpo","https://static.acb.com/media/PRO/00/00/47/01/78/0000470178_03.jpg",1662044400
"R. Kurucs",20211797,26710,5,"foto_de_cara","https://static.acb.com/media/PRO/00/00/46/75/01/0000467501_03.jpg",1662037200
"L. Hakanson",20210498,26142,5,"foto_de_cara","https://static.acb.com/media/PRO/00/00/46/81/50/0000468150_03.jpg",1664197200
"L. Hakanson",20210498,27011,1,"foto_cuerpo","https://static.acb.com/media/PRO/00/00/46/81/54/0000468154_03.jpg",1664197200
"X. Rabaseda",20203590,27007,1,"foto_cuerpo","https://static.acb.com/media/PRO/00/00/46/82/17/0000468217_03.jpg",1664197200
"X. Rabaseda",20203590,25643,5,"foto_de_cara","https://static.acb.com/media/PRO/00/00/46/82/11/0000468211_03.jpg",1664197200
"A. Smith",30002057,26961,1,"foto_cuerpo","https://static.acb.com/media/PRO/00/00/46/79/95/0000467995_03.jpg",1662037200
"A. Smith",30002057,26962,5,"foto_de_cara","https://static.acb.com/media/PRO/00/00/46/79/81/0000467981_03.jpg",1662037200
"D. Andersson",30001983,26984,1,"foto_cuerpo","https://static.acb.com/media/PRO/00/00/46/80/34/0000468034_03.jpg",1664197200
"D. Andersson",30001983,26985,5,"foto_de_cara","https://static.acb.com/media/PRO/00/00/46/80/29/0000468029_03.jpg",1664197200
"J. Withey",30001185,27029,5,"foto_de_cara","https://static.acb.com/media/PRO/00/00/46/81/33/0000468133_03.jpg",1664197200
"J. Withey",30001185,26979,1,"foto_cuerpo","https://static.acb.com/media/PRO/00/00/46/81/41/0000468141_03.jpg",1664197200
"J. Hill",30001915,26698,1,"foto_cuerpo","https://static.acb.com/media/PRO/00/00/47/01/22/0000470122_03.jpg",1662044400
"J. Hill",30001915,26697,5,"foto_de_cara","https://static.acb.com/media/PRO/00/00/46/74/38/0000467438_03.jpg",1662037200
"G. Tsalmpouris",30002108,26699,5,"foto_de_cara","https://static.acb.com/media/PRO/00/00/46/74/03/0000467403_03.jpg",1662037200
"G. Tsalmpouris",30002108,26700,1,"foto_cuerpo","https://static.acb.com/media/PRO/00/00/47/00/96/0000470096_03.jpg",1662044400
"BJ Johnson",30001852,25619,5,"foto_de_cara","https://static.acb.com/media/PRO/00/00/46/73/47/0000467347_03.jpg",1662037200
"BJ Johnson",30001852,26693,1,"foto_cuerpo","https://static.acb.com/media/PRO/00/00/47/00/29/0000470029_03.jpg",1662044400
"M. Kyser",30001913,26944,1,"foto_cuerpo","https://static.acb.com/media/PRO/00/00/46/81/73/0000468173_03.jpg",1662037200
"M. Kyser",30001913,27041,5,"foto_de_cara","https://static.acb.com/media/PRO/00/00/46/81/67/0000468167_03.jpg",1663246800
"E. Sulejmanovic",20210828,27005,1,"foto_cuerpo","https://static.acb.com/media/PRO/00/00/46/80/67/0000468067_03.jpg",1664197200
"E. Sulejmanovic",20210828,25952,5,"foto_de_cara","https://static.acb.com/media/PRO/00/00/46/80/58/0000468058_03.jpg",1664197200
"N. Radicevic",30001914,26982,1,"foto_cuerpo","https://static.acb.com/media/PRO/00/00/46/81/94/0000468194_03.jpg",1664204400
"N. Radicevic",30001914,26981,5,"foto_de_cara","https://static.acb.com/media/PRO/00/00/46/81/87/0000468187_03.jpg",1664204400
"V. Gerun",20212773,26709,1,"foto_cuerpo","https://static.acb.com/media/PRO/00/00/47/02/23/0000470223_03.jpg",1662044400
"V. Gerun",20212773,26708,5,"foto_de_cara","https://static.acb.com/media/PRO/00/00/46/75/42/0000467542_03.jpg",1662037200
"A. Reyes",20204133,26992,1,"foto_cuerpo","https://static.acb.com/media/PRO/00/00/46/80/19/0000468019_03.jpg",1664204400
"A. Reyes",20204133,26146,5,"foto_de_cara","https://static.acb.com/media/PRO/00/00/46/80/18/0000468018_03.jpg",1630454400
"E. Báez",20202155,26704,1,"foto_cuerpo","https://static.acb.com/media/PRO/00/00/47/00/75/0000470075_03.jpg",1662044400
"E. Báez",20202155,26036,5,"foto_de_cara","https://static.acb.com/media/PRO/00/00/46/73/84/0000467384_03.jpg",1662037200
"F. Alonso",20210585,27002,1,"foto_cuerpo","https://static.acb.com/media/PRO/00/00/46/80/99/0000468099_03.jpg",1664204400
"F. Alonso",20210585,26002,5,"foto_de_cara","https://static.acb.com/media/PRO/00/00/46/80/85/0000468085_03.jpg",1664197200
"D. Bertans",20210643,26703,1,"foto_cuerpo","https://static.acb.com/media/PRO/00/00/47/00/49/0000470049_03.jpg",1662044400
"D. Bertans",20210643,26224,5,"foto_de_cara","https://static.acb.com/media/PRO/00/00/46/73/66/0000467366_03.jpg",1662037200
"P. Pozas",20200279,26707,1,"foto_cuerpo","https://static.acb.com/media/PRO/00/00/47/01/54/0000470154_03.jpg",1662044400
"P. Pozas",20200279,26225,5,"foto_de_cara","https://static.acb.com/media/PRO/00/00/46/74/81/0000467481_03.jpg",1662037200
"P. Almazán",20204078,26701,1,"foto_cuerpo","https://static.acb.com/media/PRO/00/00/47/01/36/0000470136_03.jpg",1662051600
"P. Almazán",20204078,26231,5,"foto_de_cara","https://static.acb.com/media/PRO/00/00/46/74/62/0000467462_03.jpg",1662037200
"I. Rosa",20210134,26999,1,"foto_cuerpo","https://static.acb.com/media/PRO/00/00/46/81/12/0000468112_03.jpg",1664197200
"I. Rosa",20210134,26998,5,"foto_de_cara","https://static.acb.com/media/PRO/00/00/46/81/03/0000468103_03.jpg",1664197200
"A. Sylla",30002005,26705,5,"foto_de_cara","https://static.acb.com/media/PRO/00/00/46/73/26/0000467326_03.jpg",1662037200
"A. Sylla",30002005,26706,1,"foto_cuerpo","https://static.acb.com/media/PRO/00/00/47/00/12/0000470012_03.jpg",1662044400
"A. Cvetkovic",20212204,26696,1,"foto_cuerpo","https://static.acb.com/media/PRO/00/00/46/99/91/0000469991_03.jpg",1662051600
"A. Cvetkovic",20212204,26022,5,"foto_de_cara","https://static.acb.com/media/PRO/00/00/46/73/09/0000467309_03.jpg",1662037200
"J. Hollatz",30001955,27049,1,"foto_cuerpo","https://static.acb.com/media/PRO/00/00/47/72/62/0000477262_03.jpg",1662044400
"J. Hollatz",30001955,27048,5,"foto_de_cara","https://static.acb.com/media/PRO/00/00/47/72/52/0000477252_03.jpg",1662044400
"L. Kromah",30002008,26291,5,"foto_de_cara","https://static.acb.com/media/PRO/00/00/46/35/21/0000463521_03.jpg",1662037200
"L. Kromah",30002008,26350,1,"foto_cuerpo","https://static.acb.com/media/PRO/00/00/46/35/27/0000463527_03.jpg",1662037200
"J. Fernández",30000138,26282,5,"foto_de_cara","https://static.acb.com/media/PRO/00/00/46/35/00/0000463500_03.jpg",1662037200
"J. Fernández",30000138,26355,1,"foto_cuerpo","https://static.acb.com/media/PRO/00/00/46/35/11/0000463511_03.jpg",1662037200
"D. Ristic",30001145,26108,5,"foto_de_cara","https://static.acb.com/media/PRO/00/00/46/98/55/0000469855_03.jpg",1663246800
"D. Ristic",30001145,27000,1,"foto_cuerpo","https://static.acb.com/media/PRO/00/00/46/98/71/0000469871_03.jpg",1663246800
"J. Senglin",30000054,26347,1,"foto_cuerpo","https://static.acb.com/media/PRO/00/00/46/34/66/0000463466_03.jpg",1662037200
"J. Senglin",30000054,26360,5,"foto_de_cara","https://static.acb.com/media/PRO/00/00/46/34/59/0000463459_03.jpg",1662037200
"C. Hannah",20211327,26349,1,"foto_cuerpo","https://static.acb.com/media/PRO/00/00/46/34/38/0000463438_03.jpg",1662037200
"C. Hannah",20211327,25759,5,"foto_de_cara","https://static.acb.com/media/PRO/00/00/46/34/30/0000463430_03.jpg",1662037200
"S. Momirov",30001889,26589,1,"foto_cuerpo","https://static.acb.com/media/PRO/00/00/46/59/51/0000465951_03.jpg",1662037200
"S. Momirov",30001889,26599,5,"foto_de_cara","https://static.acb.com/media/PRO/00/00/46/59/41/0000465941_03.jpg",1662037200
"S. Bamforth",20210661,26602,5,"foto_de_cara","https://static.acb.com/media/PRO/00/00/46/58/87/0000465887_03.jpg",1662037200
"S. Bamforth",20210661,26594,1,"foto_cuerpo","https://static.acb.com/media/PRO/00/00/46/59/01/0000465901_03.jpg",1662037200
"E. Happ",30001954,26597,5,"foto_de_cara","https://static.acb.com/media/PRO/00/00/46/57/49/0000465749_03.jpg",1662037200
"E. Happ",30001954,26587,1,"foto_cuerpo","https://static.acb.com/media/PRO/00/00/46/57/57/0000465757_03.jpg",1662037200
"M. Lukovic",20212429,26596,1,"foto_cuerpo","https://static.acb.com/media/PRO/00/00/46/58/44/0000465844_03.jpg",1662037200
"M. Lukovic",20212429,26205,5,"foto_de_cara","https://static.acb.com/media/PRO/00/00/46/58/39/0000465839_03.jpg",1631664000
"V. Arteaga",20200296,26586,1,"foto_cuerpo","https://static.acb.com/media/PRO/00/00/46/59/79/0000465979_03.jpg",1662037200
"V. Arteaga",20200296,26233,5,"foto_de_cara","https://static.acb.com/media/PRO/00/00/46/59/75/0000465975_03.jpg",1663160400
"R. Macoha",20213018,26348,1,"foto_cuerpo","https://static.acb.com/media/PRO/00/00/46/36/45/0000463645_03.jpg",1662037200
"R. Macoha",20213018,26271,5,"foto_de_cara","https://static.acb.com/media/PRO/00/00/46/36/33/0000463633_03.jpg",1662037200
"B. Bagayoko",20213102,26353,1,"foto_cuerpo","https://static.acb.com/media/PRO/00/00/46/33/99/0000463399_03.jpg",1662037200
"B. Bagayoko",20213102,26253,5,"foto_de_cara","https://static.acb.com/media/PRO/00/00/46/33/92/0000463392_03.jpg",1662037200
"C. Eyenga",20203835,26109,5,"foto_de_cara","https://static.acb.com/media/PRO/00/00/46/34/12/0000463412_03.jpg",1662037200
"C. Eyenga",20203835,26351,1,"foto_cuerpo","https://static.acb.com/media/PRO/00/00/46/34/17/0000463417_03.jpg",1662037200
"N. Nenadic",30001956,26598,5,"foto_de_cara","https://static.acb.com/media/PRO/00/00/46/58/60/0000465860_03.jpg",1662037200
"N. Nenadic",30001956,26591,1,"foto_cuerpo","https://static.acb.com/media/PRO/00/00/46/58/74/0000465874_03.jpg",1662037200
"S. García",20210685,26593,1,"foto_cuerpo","https://static.acb.com/media/PRO/00/00/46/59/12/0000465912_03.jpg",1662037200
"S. García",20210685,25757,5,"foto_de_cara","https://static.acb.com/media/PRO/00/00/46/59/05/0000465905_03.jpg",1625119200
"J. Novak",30000924,25731,5,"foto_de_cara","https://static.acb.com/media/PRO/00/00/46/34/81/0000463481_03.jpg",1662037200
"J. Novak",30000924,26352,1,"foto_cuerpo","https://static.acb.com/media/PRO/00/00/46/34/94/0000463494_03.jpg",1662037200
"T. Nakic",30001899,26601,5,"foto_de_cara","https://static.acb.com/media/PRO/00/00/46/59/57/0000465957_03.jpg",1662037200
"T. Nakic",30001899,26588,1,"foto_cuerpo","https://static.acb.com/media/PRO/00/00/46/59/66/0000465966_03.jpg",1662037200
"S. Quintela",30000013,26590,1,"foto_cuerpo","https://static.acb.com/media/PRO/00/00/46/59/28/0000465928_03.jpg",1662037200
"S. Quintela",30000013,26210,5,"foto_de_cara","https://static.acb.com/media/PRO/00/00/46/59/22/0000465922_03.jpg",1631664000
"P. Savkov",30000111,26263,5,"foto_de_cara","https://static.acb.com/media/PRO/00/00/46/36/15/0000463615_03.jpg",1662037200
"P. Savkov",30000111,26354,1,"foto_cuerpo","https://static.acb.com/media/PRO/00/00/46/36/28/0000463628_03.jpg",1662037200
"V. Okouo",20210941,26346,1,"foto_cuerpo","https://static.acb.com/media/PRO/00/00/46/36/57/0000463657_03.jpg",1662037200
"V. Okouo",20210941,25651,5,"foto_de_cara","https://static.acb.com/media/PRO/00/00/46/36/54/0000463654_03.jpg",1662037200
"L. Brajkovic",30002006,26600,5,"foto_de_cara","https://static.acb.com/media/PRO/00/00/46/58/00/0000465800_03.jpg",1663592400
"L. Brajkovic",30002006,26595,1,"foto_cuerpo","https://static.acb.com/media/PRO/00/00/46/58/07/0000465807_03.jpg",1662037200
"J. Beirán",20201904,27027,1,"foto_cuerpo","https://static.acb.com/media/PRO/00/00/46/98/92/0000469892_03.jpg",1663246800
"J. Beirán",20201904,27026,5,"foto_de_cara","https://static.acb.com/media/PRO/00/00/46/98/79/0000469879_03.jpg",1663246800
"D. Walker",20212227,26480,1,"foto_cuerpo","https://static.acb.com/media/PRO/00/00/46/46/67/0000464667_03.jpg",1662037200
"D. Walker",20212227,26009,5,"foto_de_cara","https://static.acb.com/media/PRO/00/00/46/46/64/0000464664_03.jpg",1662037200
"G. Yabusele",30001112,26716,1,"foto_cuerpo","https://static.acb.com/media/PRO/00/00/46/77/51/0000467751_03.jpg",1662040800
"G. Yabusele",30001112,26020,5,"foto_de_cara","https://static.acb.com/media/PRO/00/00/46/77/41/0000467741_03.jpg",1662037200
"R. Guerrero",20210707,26471,1,"foto_cuerpo","https://static.acb.com/media/PRO/00/00/46/48/26/0000464826_03.jpg",1662037200
"R. Guerrero",20210707,25997,5,"foto_de_cara","https://static.acb.com/media/PRO/00/00/46/48/17/0000464817_03.jpg",1662037200
"F. Causeur",20210224,25667,5,"foto_de_cara","https://static.acb.com/media/PRO/00/00/46/77/10/0000467710_03.jpg",1662037200
"F. Causeur",20210224,26719,1,"foto_cuerpo","https://static.acb.com/media/PRO/00/00/46/77/21/0000467721_03.jpg",1662037200
"G. Deck",20212952,25913,5,"foto_de_cara","https://static.acb.com/media/PRO/00/00/46/77/28/0000467728_03.jpg",1662037200
"G. Deck",20212952,26718,1,"foto_cuerpo","https://static.acb.com/media/PRO/00/00/46/77/36/0000467736_03.jpg",1662037200
"W. Tavares",20209407,26687,5,"foto_de_cara","https://static.acb.com/media/PRO/00/00/46/79/14/0000467914_03.jpg",1662037200
"W. Tavares",20209407,26686,1,"foto_cuerpo","https://static.acb.com/media/PRO/00/00/46/79/23/0000467923_03.jpg",1662037200
"S. Rodríguez",20201730,26691,1,"foto_cuerpo","https://static.acb.com/media/PRO/00/00/46/78/85/0000467885_03.jpg",1662037200
"S. Rodríguez",20201730,26690,5,"foto_de_cara","https://static.acb.com/media/PRO/00/00/46/78/74/0000467874_03.jpg",1662037200
"D. Bender",30002021,26478,1,"foto_cuerpo","https://static.acb.com/media/PRO/00/00/46/46/85/0000464685_03.jpg",1662037200
"D. Bender",30002021,26479,5,"foto_de_cara","https://static.acb.com/media/PRO/00/00/46/46/77/0000464677_03.jpg",1662037200
"L. Westermann",30000915,26474,1,"foto_cuerpo","https://static.acb.com/media/PRO/00/00/46/47/56/0000464756_03.jpg",1662037200
"L. Westermann",30000915,27025,5,"foto_de_cara","https://static.acb.com/media/PRO/00/00/46/47/38/0000464738_03.jpg",1662037200
"M. Paige",30001888,26472,1,"foto_cuerpo","https://static.acb.com/media/PRO/00/00/46/47/75/0000464775_03.jpg",1662037200
"M. Paige",30001888,26473,5,"foto_de_cara","https://static.acb.com/media/PRO/00/00/46/47/55/0000464755_03.jpg",1662037200
"V. Poirier",20212416,26688,1,"foto_cuerpo","https://static.acb.com/media/PRO/00/00/46/79/09/0000467909_03.jpg",1662037200
"V. Poirier",20212416,26015,5,"foto_de_cara","https://static.acb.com/media/PRO/00/00/46/78/92/0000467892_03.jpg",1662037200
"P. Scrubb",30000058,26470,1,"foto_cuerpo","https://static.acb.com/media/PRO/00/00/46/48/11/0000464811_03.jpg",1662037200
"P. Scrubb",30000058,26049,5,"foto_de_cara","https://static.acb.com/media/PRO/00/00/46/48/00/0000464800_03.jpg",1662037200
"M. Blazevic",30001998,26477,1,"foto_cuerpo","https://static.acb.com/media/PRO/00/00/46/47/87/0000464787_03.jpg",1662037200
"M. Blazevic",30001998,26476,5,"foto_de_cara","https://static.acb.com/media/PRO/00/00/46/47/78/0000464778_03.jpg",1662037200
"S. Llull",20201774,26714,1,"foto_cuerpo","https://static.acb.com/media/PRO/00/00/46/78/65/0000467865_03.jpg",1662037200
"S. Llull",20201774,26018,5,"foto_de_cara","https://static.acb.com/media/PRO/00/00/46/78/57/0000467857_03.jpg",1662040800
"Á. Muñoz",20200282,25745,5,"foto_de_cara","https://static.acb.com/media/PRO/00/00/46/46/48/0000464648_03.jpg",1662037200
"Á. Muñoz",20200282,26484,1,"foto_cuerpo","https://static.acb.com/media/PRO/00/00/46/46/52/0000464652_03.jpg",1662037200
"D. Musa",30001170,26683,5,"foto_de_cara","https://static.acb.com/media/PRO/00/00/46/76/61/0000467661_03.jpg",1662037200
"D. Musa",30001170,26682,1,"foto_cuerpo","https://static.acb.com/media/PRO/00/00/46/76/75/0000467675_03.jpg",1662037200
"P. Cornelie",30001953,26713,1,"foto_cuerpo","https://static.acb.com/media/PRO/00/00/46/78/32/0000467832_03.jpg",1662037200
"P. Cornelie",30001953,26712,5,"foto_de_cara","https://static.acb.com/media/PRO/00/00/46/78/19/0000467819_03.jpg",1662037200
"A. Suárez",20204146,25676,5,"foto_de_cara","https://static.acb.com/media/PRO/00/00/46/46/34/0000464634_03.jpg",1662037200
"A. Suárez",20204146,26485,1,"foto_cuerpo","https://static.acb.com/media/PRO/00/00/46/46/36/0000464636_03.jpg",1662037200
"M. Hezonja",20210501,26685,1,"foto_cuerpo","https://static.acb.com/media/PRO/00/00/46/77/96/0000467796_03.jpg",1662037200
"M. Hezonja",20210501,26684,5,"foto_de_cara","https://static.acb.com/media/PRO/00/00/46/77/84/0000467784_03.jpg",1662040800
"T. Scrubb",30001166,26152,5,"foto_de_cara","https://static.acb.com/media/PRO/00/00/46/48/39/0000464839_03.jpg",1662037200
"T. Scrubb",30001166,26469,1,"foto_cuerpo","https://static.acb.com/media/PRO/00/00/46/48/54/0000464854_03.jpg",1662037200
"E. Vicedo",20209139,26259,5,"foto_de_cara","https://static.acb.com/media/PRO/00/00/46/46/94/0000464694_03.jpg",1662037200
"E. Vicedo",20209139,26483,1,"foto_cuerpo","https://static.acb.com/media/PRO/00/00/46/47/08/0000464708_03.jpg",1662037200
"F. Zurbriggen",30001167,26154,5,"foto_de_cara","https://static.acb.com/media/PRO/00/00/46/47/16/0000464716_03.jpg",1662037200
"F. Zurbriggen",30001167,26481,1,"foto_cuerpo","https://static.acb.com/media/PRO/00/00/46/47/24/0000464724_03.jpg",1662037200
"E. Ndiaye",30001229,26089,5,"foto_de_cara","https://static.acb.com/img/www/jugadores2022/NdiayeCara.jpg",1630450800
"E. Ndiaye",30001229,26655,1,"foto_cuerpo","https://static.acb.com/media/PRO/00/00/37/51/89/0000375189_03.jpg",1662037200
"H. González",20213252,27075,5,"foto_de_cara","https://static.acb.com/media/PRO/00/00/47/34/64/0000473464_03.jpg",1664629200
"L. Maye",30001213,26013,5,"foto_de_cara","https://static.acb.com/media/PRO/00/00/46/68/34/0000466834_03.jpg",1630900800
"L. Maye",30001213,26640,1,"foto_cuerpo","https://static.acb.com/media/PRO/00/00/46/68/44/0000466844_03.jpg",1662037200
"J. Vaulet",30000025,26976,1,"foto_cuerpo","https://static.acb.com/media/PRO/00/00/46/84/37/0000468437_03.jpg",1663246800
"J. Vaulet",30000025,25892,5,"foto_de_cara","https://static.acb.com/media/PRO/00/00/46/84/33/0000468433_03.jpg",1642212000
"D. Pérez",20203826,25779,5,"foto_de_cara","https://static.acb.com/media/PRO/00/00/46/83/58/0000468358_03.jpg",1663246800
"D. Pérez",20203826,26993,1,"foto_cuerpo","https://static.acb.com/media/PRO/00/00/46/83/67/0000468367_03.jpg",1663246800
"G. Bortolani",30002025,26971,5,"foto_de_cara","https://static.acb.com/media/PRO/00/00/46/83/89/0000468389_03.jpg",1662037200
"G. Bortolani",30002025,26989,1,"foto_cuerpo","https://static.acb.com/media/PRO/00/00/46/83/95/0000468395_03.jpg",1663246800
"J. Hamilton",20211648,26921,1,"foto_cuerpo","https://static.acb.com/media/PRO/00/00/46/84/52/0000468452_03.jpg",1662037200
"J. Hamilton",20211648,26922,5,"foto_de_cara","https://static.acb.com/media/PRO/00/00/46/84/44/0000468444_03.jpg",1662037200
"T. Bropleh",30001994,26651,5,"foto_de_cara","https://static.acb.com/media/PRO/00/00/46/69/11/0000466911_03.jpg",1662037200
"T. Bropleh",30001994,26637,1,"foto_cuerpo","https://static.acb.com/media/PRO/00/00/46/69/26/0000466926_03.jpg",1662037200
"C. Felicio",30002033,26650,5,"foto_de_cara","https://static.acb.com/media/PRO/00/00/46/67/41/0000466741_03.jpg",1662037200
"C. Felicio",30002033,26639,1,"foto_cuerpo","https://static.acb.com/media/PRO/00/00/46/67/47/0000466747_03.jpg",1662037200
"J. Harding",30002017,26918,1,"foto_cuerpo","https://static.acb.com/media/PRO/00/00/46/84/30/0000468430_03.jpg",1662037200
"J. Harding",30002017,26987,5,"foto_de_cara","https://static.acb.com/media/PRO/00/00/46/84/17/0000468417_03.jpg",1663246800
"A. Renfroe",20210271,26646,1,"foto_cuerpo","https://static.acb.com/media/PRO/00/00/46/67/20/0000466720_03.jpg",1662037200
"A. Renfroe",20210271,25648,5,"foto_de_cara","https://static.acb.com/media/PRO/00/00/46/67/05/0000466705_03.jpg",1662037200
"P. Tomàs",20203675,26642,1,"foto_cuerpo","https://static.acb.com/media/PRO/00/00/46/68/86/0000466886_03.jpg",1662037200
"P. Tomàs",20203675,26652,5,"foto_de_cara","https://static.acb.com/media/PRO/00/00/46/68/75/0000466875_03.jpg",1662037200
"T. Pérez",30000053,26991,1,"foto_cuerpo","https://static.acb.com/media/PRO/00/00/46/85/11/0000468511_03.jpg",1663246800
"T. Pérez",30000053,25874,5,"foto_de_cara","https://static.acb.com/media/PRO/00/00/46/85/04/0000468504_03.jpg",1663246800
"D. García",30000015,25772,5,"foto_de_cara","https://static.acb.com/media/PRO/00/00/46/83/48/0000468348_03.jpg",1663246800
"D. García",30000015,26983,1,"foto_cuerpo","https://static.acb.com/media/PRO/00/00/46/83/52/0000468352_03.jpg",1663246800
"M. Lee",30002024,26997,1,"foto_cuerpo","https://static.acb.com/media/PRO/00/00/46/84/83/0000468483_03.jpg",1663246800
"M. Lee",30002024,26994,5,"foto_de_cara","https://static.acb.com/media/PRO/00/00/46/84/78/0000468478_03.jpg",1663246800
"P. Niang",20209240,27014,5,"foto_de_cara","https://static.acb.com/media/PRO/00/00/46/68/50/0000466850_03.jpg",1663246800
"P. Niang",20209240,26643,1,"foto_cuerpo","https://static.acb.com/media/PRO/00/00/46/68/57/0000466857_03.jpg",1662037200
"B. Badio",30000107,25930,5,"foto_de_cara","https://static.acb.com/media/PRO/00/00/46/83/36/0000468336_03.jpg",1663246800
"B. Badio",30000107,26980,1,"foto_cuerpo","https://static.acb.com/media/PRO/00/00/46/83/39/0000468339_03.jpg",1663246800
"C. Díaz",20208873,26645,1,"foto_cuerpo","https://static.acb.com/media/PRO/00/00/46/67/37/0000466737_03.jpg",1662037200
"C. Díaz",20208873,27015,5,"foto_de_cara","https://static.acb.com/media/PRO/00/00/46/67/24/0000466724_03.jpg",1663246800
"L. Costa",20209470,27017,5,"foto_de_cara","https://static.acb.com/media/PRO/00/00/46/68/16/0000466816_03.jpg",1663246800
"L. Costa",20209470,26648,1,"foto_cuerpo","https://static.acb.com/media/PRO/00/00/46/68/22/0000466822_03.jpg",1662037200
"E. Valtonen",30001214,26007,5,"foto_de_cara","https://static.acb.com/media/PRO/00/00/46/83/70/0000468370_03.jpg",1663246800
"E. Valtonen",30001214,26978,1,"foto_cuerpo","https://static.acb.com/media/PRO/00/00/46/83/78/0000468378_03.jpg",1663246800
"P. Ali",30002113,27077,1,"foto_cuerpo","https://static.acb.com/media/PRO/00/00/47/34/74/0000473474_03.jpg",1664197200
"P. Ali",30002113,27076,5,"foto_de_cara","https://static.acb.com/media/PRO/00/00/47/34/72/0000473472_03.jpg",1664197200
"M. Steinbergs",30000133,26006,5,"foto_de_cara","https://static.acb.com/media/PRO/00/00/46/84/65/0000468465_03.jpg",1663246800
"M. Steinbergs",30000133,26986,1,"foto_cuerpo","https://static.acb.com/media/PRO/00/00/46/84/76/0000468476_03.jpg",1663250400
"J. Diaz",20210493,26644,1,"foto_cuerpo","https://static.acb.com/media/PRO/00/00/46/68/11/0000466811_03.jpg",1662037200
"J. Diaz",20210493,27024,5,"foto_de_cara","https://static.acb.com/media/PRO/00/00/46/67/97/0000466797_03.jpg",1663246800
"D. Iriarte",20210716,27062,5,"foto_de_cara","https://static.acb.com/media/PRO/00/00/46/67/66/0000466766_03.jpg",1663246800
"D. Iriarte",20210716,26647,1,"foto_cuerpo","https://static.acb.com/media/PRO/00/00/46/67/75/0000466775_03.jpg",1662037200
"M. Huertas",20201760,26656,1,"foto_cuerpo","https://static.acb.com/media/PRO/00/00/46/70/37/0000467037_03.jpg",1662037200
"M. Huertas",20201760,25951,5,"foto_de_cara","https://static.acb.com/media/PRO/00/00/46/70/26/0000467026_03.jpg",1662037200
"J. Franch",20203795,26669,1,"foto_cuerpo","https://static.acb.com/media/PRO/00/00/46/71/18/0000467118_03.jpg",1662037200
"J. Franch",20203795,26670,5,"foto_de_cara","https://static.acb.com/media/PRO/00/00/46/71/13/0000467113_03.jpg",1662037200
"E. Vila",20211456,26662,1,"foto_cuerpo","https://static.acb.com/media/PRO/00/00/46/70/87/0000467087_03.jpg",1662037200
"E. Vila",20211456,26668,5,"foto_de_cara","https://static.acb.com/media/PRO/00/00/46/70/83/0000467083_03.jpg",1662037200
"K. Taylor",30001981,26663,1,"foto_cuerpo","https://static.acb.com/media/PRO/00/00/46/71/40/0000467140_03.jpg",1662037200
"K. Taylor",30001981,26664,5,"foto_de_cara","https://static.acb.com/media/PRO/00/00/46/71/29/0000467129_03.jpg",1662037200
"E. Cook",30001916,26292,5,"foto_de_cara","https://static.acb.com/media/PRO/00/00/46/32/64/0000463264_03.jpg",1662037200
"E. Cook",30001916,26293,1,"foto_cuerpo","https://static.acb.com/media/PRO/00/00/46/32/72/0000463272_03.jpg",1662037200
"A. Doornekamp",20212189,26342,1,"foto_cuerpo","https://static.acb.com/media/PRO/00/00/46/32/38/0000463238_03.jpg",1662037200
"A. Doornekamp",20212189,25780,5,"foto_de_cara","https://static.acb.com/media/PRO/00/00/46/32/34/0000463234_03.jpg",1662037200
"S. Salin",20211597,26609,1,"foto_cuerpo","https://static.acb.com/media/PRO/00/00/46/61/84/0000466184_03.jpg",1662037200
"S. Salin",20211597,25792,5,"foto_de_cara","https://static.acb.com/media/PRO/00/00/46/61/77/0000466177_03.jpg",1662037200
"D. Miletic",30002022,26673,5,"foto_de_cara","https://static.acb.com/media/PRO/00/00/46/70/65/0000467065_03.jpg",1662037200
"D. Miletic",30002022,26674,1,"foto_cuerpo","https://static.acb.com/media/PRO/00/00/46/70/71/0000467071_03.jpg",1662037200
"M. Gasol",20201682,27008,5,"foto_de_cara","https://static.acb.com/media/PRO/00/00/46/98/26/0000469826_03.jpg",1662037200
"M. Gasol",20201682,27030,1,"foto_cuerpo","https://static.acb.com/media/PRO/00/00/46/98/30/0000469830_03.jpg",1662037200
"M. Diagné",20210278,26337,1,"foto_cuerpo","https://static.acb.com/media/PRO/00/00/46/33/45/0000463345_03.jpg",1662037200
"M. Diagné",20210278,25844,5,"foto_de_cara","https://static.acb.com/media/PRO/00/00/46/33/39/0000463339_03.jpg",1662037200
"T. Abromaitis",20211625,25743,5,"foto_de_cara","https://static.acb.com/media/PRO/00/00/46/33/69/0000463369_03.jpg",1662037200
"T. Abromaitis",20211625,26290,1,"foto_cuerpo","https://static.acb.com/media/PRO/00/00/46/33/72/0000463372_03.jpg",1662037200
"B. Fitipaldo",20212972,25794,5,"foto_de_cara","https://static.acb.com/media/PRO/00/00/46/32/47/0000463247_03.jpg",1662037200
"B. Fitipaldo",20212972,26341,1,"foto_cuerpo","https://static.acb.com/media/PRO/00/00/46/32/53/0000463253_03.jpg",1662037200
"A. Bursac",30002112,27001,5,"foto_de_cara","https://static.acb.com/media/PRO/00/00/46/98/39/0000469839_03.jpg",1662037200
"M. Fjellerup",30001997,26672,1,"foto_cuerpo","https://static.acb.com/media/PRO/00/00/46/71/68/0000467168_03.jpg",1662037200
"M. Fjellerup",30001997,26671,5,"foto_de_cara","https://static.acb.com/media/PRO/00/00/46/71/59/0000467159_03.jpg",1662037200
"Q. Colom",20202077,26660,1,"foto_cuerpo","https://static.acb.com/media/PRO/00/00/46/72/40/0000467240_03.jpg",1662037200
"Q. Colom",20202077,26665,5,"foto_de_cara","https://static.acb.com/media/PRO/00/00/46/72/23/0000467223_03.jpg",1662037200
"I. Cruz",20204153,26209,5,"foto_de_cara","https://static.acb.com/media/PRO/00/00/46/33/07/0000463307_03.jpg",1662037200
"I. Cruz",20204153,26339,1,"foto_cuerpo","https://static.acb.com/media/PRO/00/00/46/33/12/0000463312_03.jpg",1662037200
"J. Sastre",20203882,25789,5,"foto_de_cara","https://static.acb.com/media/PRO/00/00/46/33/24/0000463324_03.jpg",1662037200
"J. Sastre",20203882,26338,1,"foto_cuerpo","https://static.acb.com/media/PRO/00/00/46/33/26/0000463326_03.jpg",1662037200
"J. Fernández",20204124,25730,5,"foto_de_cara","https://static.acb.com/media/PRO/00/00/46/70/07/0000467007_03.jpg",1662037200
"J. Fernández",20204124,26657,1,"foto_cuerpo","https://static.acb.com/media/PRO/00/00/46/70/14/0000467014_03.jpg",1662037200
"R. Prkacin",30001980,26659,1,"foto_cuerpo","https://static.acb.com/media/PRO/00/00/46/72/51/0000467251_03.jpg",1662037200
"R. Prkacin",30001980,26667,5,"foto_de_cara","https://static.acb.com/media/PRO/00/00/46/72/41/0000467241_03.jpg",1662037200
"P. Garino",20212455,26666,5,"foto_de_cara","https://static.acb.com/media/PRO/00/00/46/71/91/0000467191_03.jpg",1662037200
"P. Garino",20212455,26661,1,"foto_cuerpo","https://static.acb.com/media/PRO/00/00/46/71/96/0000467196_03.jpg",1662037200
"O. Hanzlik",30000112,26678,5,"foto_de_cara","https://static.acb.com/media/PRO/00/00/46/71/76/0000467176_03.jpg",1662037200
"O. Hanzlik",30000112,26677,1,"foto_cuerpo","https://static.acb.com/media/PRO/00/00/46/71/85/0000467185_03.jpg",1662037200
"P. Figueras",20210139,26680,5,"foto_de_cara","https://static.acb.com/media/PRO/00/00/46/72/08/0000467208_03.jpg",1662044400
"P. Figueras",20210139,26679,1,"foto_cuerpo","https://static.acb.com/media/PRO/00/00/46/72/13/0000467213_03.jpg",1662037200
"F. Ferrari",30000022,26461,5,"foto_de_cara","https://static.acb.com/media/PRO/00/00/46/44/10/0000464410_03.jpg",1662037200
"F. Ferrari",30000022,26445,1,"foto_cuerpo","https://static.acb.com/media/PRO/00/00/46/44/17/0000464417_03.jpg",1662037200
"C. Mekowulu",30001853,26460,5,"foto_de_cara","https://static.acb.com/media/PRO/00/00/46/43/63/0000464363_03.jpg",1662037200
"C. Mekowulu",30001853,26448,1,"foto_cuerpo","https://static.acb.com/media/PRO/00/00/46/43/83/0000464383_03.jpg",1662037200
"N. Radovic",20211263,26620,1,"foto_cuerpo","https://static.acb.com/media/PRO/00/00/46/65/54/0000466554_03.jpg",1662037200
"N. Radovic",20211263,26096,5,"foto_de_cara","https://static.acb.com/media/PRO/00/00/46/65/50/0000466550_03.jpg",1662037200
"B. Simanic",20210197,26456,5,"foto_de_cara","https://static.acb.com/media/PRO/00/00/46/43/47/0000464347_03.jpg",1662037200
"B. Simanic",20210197,26449,1,"foto_cuerpo","https://static.acb.com/media/PRO/00/00/46/43/59/0000464359_03.jpg",1662037200
"A. Pustovyi",20211643,26616,1,"foto_cuerpo","https://static.acb.com/media/PRO/00/00/46/64/47/0000466447_03.jpg",1662037200
"A. Pustovyi",20211643,26196,5,"foto_de_cara","https://static.acb.com/media/PRO/00/00/46/64/44/0000466444_03.jpg",1662037200
"T. McFadden",20212959,26617,1,"foto_cuerpo","https://static.acb.com/media/PRO/00/00/46/66/20/0000466620_03.jpg",1662037200
"T. McFadden",20212959,25684,5,"foto_de_cara","https://static.acb.com/media/PRO/00/00/46/66/08/0000466608_03.jpg",1662037200
"J. Davis",30000021,26619,1,"foto_cuerpo","https://static.acb.com/media/PRO/00/00/46/65/23/0000466523_03.jpg",1662037200
"J. Davis",30000021,26093,5,"foto_de_cara","https://static.acb.com/media/PRO/00/00/46/65/12/0000466512_03.jpg",1662037200
"T. Bellas",20204053,25654,5,"foto_de_cara","https://static.acb.com/media/PRO/00/00/46/66/24/0000466624_03.jpg",1662037200
"T. Bellas",20204053,26621,1,"foto_cuerpo","https://static.acb.com/media/PRO/00/00/46/66/29/0000466629_03.jpg",1662037200
"J. Jessup",30001999,26458,5,"foto_de_cara","https://static.acb.com/media/PRO/00/00/46/44/77/0000464477_03.jpg",1662037200
"J. Jessup",30001999,26443,1,"foto_cuerpo","https://static.acb.com/media/PRO/00/00/46/44/82/0000464482_03.jpg",1662037200
"H. Sant-Roos",30002036,26453,5,"foto_de_cara","https://static.acb.com/media/PRO/00/00/46/44/25/0000464425_03.jpg",1662037200
"H. Sant-Roos",30002036,26446,1,"foto_cuerpo","https://static.acb.com/media/PRO/00/00/46/44/30/0000464430_03.jpg",1662037200
"S. Yusta",20210918,26462,5,"foto_de_cara","https://static.acb.com/media/PRO/00/00/46/45/75/0000464575_03.jpg",1662037200
"S. Yusta",20210918,26439,1,"foto_cuerpo","https://static.acb.com/media/PRO/00/00/46/45/85/0000464585_03.jpg",1662044400
"T. Trice",30001879,26636,5,"foto_de_cara","https://static.acb.com/media/PRO/00/00/46/66/42/0000466642_03.jpg",1662037200
"T. Trice",30001879,26613,1,"foto_cuerpo","https://static.acb.com/media/PRO/00/00/46/66/48/0000466648_03.jpg",1662040800
"T. Hlinason",20212461,26463,5,"foto_de_cara","https://static.acb.com/media/PRO/00/00/46/46/02/0000464602_03.jpg",1662037200
"T. Hlinason",20212461,26438,1,"foto_cuerpo","https://static.acb.com/media/PRO/00/00/46/46/12/0000464612_03.jpg",1662037200
"R. Lomazs",30002003,26440,1,"foto_cuerpo","https://static.acb.com/media/PRO/00/00/46/45/70/0000464570_03.jpg",1662037200
"R. Lomazs",30002003,26455,5,"foto_de_cara","https://static.acb.com/media/PRO/00/00/46/45/63/0000464563_03.jpg",1662037200
"M. Ponitka",30002004,26441,1,"foto_cuerpo","https://static.acb.com/media/PRO/00/00/46/45/34/0000464534_03.jpg",1662037200
"M. Ponitka",30002004,26454,5,"foto_de_cara","https://static.acb.com/media/PRO/00/00/46/45/29/0000464529_03.jpg",1662037200
"D. Radoncic",20211609,26452,1,"foto_cuerpo","https://static.acb.com/media/PRO/00/00/46/43/95/0000464395_03.jpg",1662037200
"D. Radoncic",20211609,25884,5,"foto_de_cara","https://static.acb.com/media/PRO/00/00/46/43/90/0000464390_03.jpg",1625112000
"D. Jelinek",20203834,25753,5,"foto_de_cara","https://static.acb.com/media/PRO/00/00/46/64/63/0000466463_03.jpg",1662037200
"D. Jelinek",20203834,26622,1,"foto_cuerpo","https://static.acb.com/media/PRO/00/00/46/64/73/0000466473_03.jpg",1662037200
"J. Sakho",20212244,26618,1,"foto_cuerpo","https://static.acb.com/media/PRO/00/00/46/65/41/0000466541_03.jpg",1662037200
"J. Sakho",20212244,25657,5,"foto_de_cara","https://static.acb.com/media/PRO/00/00/46/65/28/0000466528_03.jpg",1662037200
"J. Anderson",30001896,26614,1,"foto_cuerpo","https://static.acb.com/media/PRO/00/00/46/65/00/0000466500_03.jpg",1662037200
"J. Anderson",30001896,26654,5,"foto_de_cara","https://static.acb.com/media/PRO/00/00/46/64/96/0000466496_03.jpg",1662037200
"R. Luther",30001898,26653,5,"foto_de_cara","https://static.acb.com/media/PRO/00/00/46/65/72/0000466572_03.jpg",1662037200
"R. Luther",30001898,26615,1,"foto_cuerpo","https://static.acb.com/media/PRO/00/00/46/65/79/0000466579_03.jpg",1662037200
"I. Diop",20209890,26191,5,"foto_de_cara","https://static.acb.com/media/PRO/00/00/46/64/83/0000466483_03.jpg",1662037200
"I. Diop",20209890,26624,1,"foto_cuerpo","https://static.acb.com/media/PRO/00/00/46/64/92/0000466492_03.jpg",1662037200
"A. Ventura",20200247,25845,5,"foto_de_cara","https://static.acb.com/media/PRO/00/00/46/51/73/0000465173_03.jpg",1625112000
"A. Ventura",20200247,26584,1,"foto_cuerpo","https://static.acb.com/media/PRO/00/00/46/51/82/0000465182_03.jpg",1662037200
"W. Howard",30002043,26568,1,"foto_cuerpo","https://static.acb.com/media/PRO/00/00/46/53/59/0000465359_03.jpg",1662037200
"W. Howard",30002043,26569,5,"foto_de_cara","https://static.acb.com/media/PRO/00/00/46/53/42/0000465342_03.jpg",1662037200
"J. Webb",30000954,26094,5,"foto_de_cara","https://static.acb.com/media/PRO/00/00/46/89/30/0000468930_03.jpg",1662037200
"J. Webb",30000954,26966,1,"foto_cuerpo","https://static.acb.com/media/PRO/00/00/46/89/35/0000468935_03.jpg",1662037200
"F. Guerra",20209934,25880,5,"foto_de_cara","https://static.acb.com/media/PRO/00/00/46/32/88/0000463288_03.jpg",1662037200
"F. Guerra",20209934,26340,1,"foto_cuerpo","https://static.acb.com/media/PRO/00/00/46/32/93/0000463293_03.jpg",1662037200
"M. Sagnia",30000645,25635,5,"foto_de_cara","https://static.acb.com/media/PRO/00/00/47/79/75/0000477975_03.jpg",1662044400
"U. Klavzar",30001089,26077,5,"foto_de_cara","https://static.acb.com/media/PRO/00/00/46/66/58/0000466658_03.jpg",1662044400
"U. Klavzar",30001089,26625,1,"foto_cuerpo","https://static.acb.com/media/PRO/00/00/46/66/67/0000466667_03.jpg",1662037200
"M. Nguirane",20209229,26457,5,"foto_de_cara","https://static.acb.com/media/PRO/00/00/46/45/11/0000464511_03.jpg",1662037200
"M. Nguirane",20209229,26442,1,"foto_cuerpo","https://static.acb.com/media/PRO/00/00/46/45/18/0000464518_03.jpg",1662037200
"C. Higgins",30000020,26358,1,"foto_cuerpo","https://static.acb.com/media/PRO/00/00/46/40/12/0000464012_03.jpg",1662037200
"C. Higgins",30000020,27124,4,"foto_juego","https://static.acb.com/media/PRO/00/00/47/76/77/0000477677_03.jpg",1662037200
"C. Higgins",30000020,25810,5,"foto_de_cara","https://static.acb.com/media/PRO/00/00/46/40/04/0000464004_03.jpg",1662037200
"M. Caicedo",30000925,26255,5,"foto_de_cara","https://static.acb.com/media/PRO/00/00/46/40/94/0000464094_03.jpg",1662037200
"M. Caicedo",30000925,26468,1,"foto_cuerpo","https://static.acb.com/media/PRO/00/00/46/40/99/0000464099_03.jpg",1662037200
"M. Samar",30001278,27023,1,"foto_cuerpo","https://static.acb.com/media/PRO/00/00/46/35/62/0000463562_03.jpg",1664197200
"M. Samar",30001278,27022,5,"foto_de_cara","https://static.acb.com/media/PRO/00/00/46/35/57/0000463557_03.jpg",1664197200
"G. Shermadini",20210659,25774,5,"foto_de_cara","https://static.acb.com/media/PRO/00/00/46/61/62/0000466162_03.jpg",1662037200
"G. Shermadini",20210659,26610,1,"foto_cuerpo","https://static.acb.com/media/PRO/00/00/46/61/67/0000466167_03.jpg",1662037200
"S. Rojas",20211304,26098,5,"foto_de_cara","https://static.acb.com/media/PRO/00/00/46/65/85/0000466585_03.jpg",1662037200
"S. Rojas",20211304,26623,1,"foto_cuerpo","https://static.acb.com/media/PRO/00/00/46/65/95/0000466595_03.jpg",1662037200
"R. López",30000132,27019,5,"foto_de_cara","https://static.acb.com/media/PRO/00/00/46/64/09/0000466409_03.jpg",1662037200
"R. López",30000132,27020,1,"foto_cuerpo","https://static.acb.com/media/PRO/00/00/46/64/20/0000466420_03.jpg",1662037200
"D. Mutaf",30001193,26044,5,"foto_de_cara","https://static.acb.com/media/PRO/00/00/46/62/46/0000466246_03.jpg",1662037200
"D. Mutaf",30001193,27018,1,"foto_cuerpo","https://static.acb.com/media/PRO/00/00/46/62/50/0000466250_03.jpg",1662037200
"A. Mara",20213226,26451,1,"foto_cuerpo","https://static.acb.com/media/PRO/00/00/46/43/42/0000464342_03.jpg",1662037200
"A. Mara",20213226,26055,5,"foto_de_cara","https://static.acb.com/media/PRO/00/00/46/43/29/0000464329_03.jpg",1647396000
"J. Jones",30002148,27093,1,"foto_cuerpo","https://static.acb.com/media/PRO/00/00/47/73/28/0000477328_03.jpg",1665406800
"J. Jones",30002148,27092,5,"foto_de_cara","https://static.acb.com/media/PRO/00/00/47/73/24/0000477324_03.jpg",1665406800
"A. Abalde",20210088,25663,5,"foto_de_cara","https://static.acb.com/media/PRO/00/00/46/76/11/0000467611_03.jpg",1662037200
"A. Abalde",20210088,26721,1,"foto_cuerpo","https://static.acb.com/media/PRO/00/00/46/76/16/0000467616_03.jpg",1662037200
"N. Giffey",30002158,27090,5,"foto_de_cara","https://static.acb.com/media/PRO/00/00/47/72/92/0000477292_03.jpg",1665406800
"N. Giffey",30002158,27091,1,"foto_cuerpo","https://static.acb.com/media/PRO/00/00/47/72/93/0000477293_03.jpg",1665406800
"J. Kasibabu",20210571,26611,5,"foto_de_cara","https://static.acb.com/media/PRO/00/00/46/57/73/0000465773_03.jpg",1663074000
"J. Kasibabu",20210571,26995,1,"foto_cuerpo","https://static.acb.com/media/PRO/00/00/46/57/81/0000465781_03.jpg",1662037200
"V. Benite",20211641,26633,1,"foto_cuerpo","https://static.acb.com/media/PRO/00/00/46/64/37/0000466437_03.jpg",1662037200
"V. Benite",20211641,26119,5,"foto_de_cara","https://static.acb.com/media/PRO/00/00/46/64/26/0000466426_03.jpg",1662037200
"E. Quintela",30001182,26208,5,"foto_de_cara","https://static.acb.com/media/PRO/00/00/46/57/32/0000465732_03.jpg",1631664000
"E. Quintela",30001182,26592,1,"foto_cuerpo","https://static.acb.com/media/PRO/00/00/46/57/37/0000465737_03.jpg",1662037200
"D. Duscak",30000094,27088,5,"foto_de_cara","https://static.acb.com/media/PRO/00/00/46/62/35/0000466235_03.jpg",1664629200
"M. Sagnia",30000645,27103,1,"foto_cuerpo","https://static.acb.com/media/PRO/00/00/47/79/79/0000477979_03.jpg",1665406800
"R. Villar",30001243,25636,5,"foto_de_cara","https://static.acb.com/media/PRO/00/00/46/51/05/0000465105_03.jpg",1662037200
"M. Garcia",20210497,27089,1,"foto_cuerpo","https://static.acb.com/media/PRO/00/00/47/72/39/0000477239_03.jpg",1665406800
"M. Garcia",20210497,25645,5,"foto_de_cara","https://static.acb.com/media/PRO/00/00/47/72/40/0000477240_03.jpg",1665406800
"R. Vilà",20210853,26249,5,"foto_de_cara","https://static.acb.com/media/PRO/00/00/46/68/91/0000466891_03.jpg",1663246800
"R. Vilà",20210853,26638,1,"foto_cuerpo","https://static.acb.com/media/PRO/00/00/46/69/00/0000466900_03.jpg",1662037200
"J. Sorolla",20210852,26676,5,"foto_de_cara","https://static.acb.com/media/PRO/00/00/46/70/97/0000467097_03.jpg",1662037200
"J. Sorolla",20210852,26675,1,"foto_cuerpo","https://static.acb.com/media/PRO/00/00/46/71/01/0000467101_03.jpg",1662037200
"J. García",20212482,26465,5,"foto_de_cara","https://static.acb.com/media/PRO/00/00/46/44/57/0000464457_03.jpg",1662037200
"J. García",20212482,26450,1,"foto_cuerpo","https://static.acb.com/media/PRO/00/00/46/44/67/0000464467_03.jpg",1662037200
"A. Ubal",30001332,26272,5,"foto_de_cara","https://static.acb.com/media/PRO/00/00/46/79/98/0000467998_03.jpg",1664197200
"A. Ubal",30001332,26996,1,"foto_cuerpo","https://static.acb.com/media/PRO/00/00/46/80/04/0000468004_03.jpg",1664197200
"B. Olumuyiwa",30000213,25852,5,"foto_de_cara","https://static.acb.com/media/PRO/00/00/46/83/20/0000468320_03.jpg",1662037200
"B. Olumuyiwa",30000213,26929,1,"foto_cuerpo","https://static.acb.com/media/PRO/00/00/46/83/29/0000468329_03.jpg",1662037200
"P. Henry",30000034,27100,5,"foto_de_cara","https://static.acb.com/media/PRO/00/00/47/85/03/0000478503_03.jpg",1666616400
"P. Henry",30000034,27101,1,"foto_cuerpo","https://static.acb.com/media/PRO/00/00/47/85/11/0000478511_03.jpg",1666616400
"M. Saint-Supery",20213210,25614,5,"foto_de_cara","https://static.acb.com/media/PRO/00/00/46/55/63/0000465563_03.jpg",1662037200
"M. Saint-Supery",20213210,26580,1,"foto_cuerpo","https://static.acb.com/media/PRO/00/00/46/55/74/0000465574_03.jpg",1662037200
"A. Hanga",20209836,25856,5,"foto_de_cara","https://static.acb.com/media/PRO/00/00/46/75/92/0000467592_03.jpg",1662037200
"A. Hanga",20209836,26717,1,"foto_cuerpo","https://static.acb.com/media/PRO/00/00/46/76/00/0000467600_03.jpg",1662037200
"A. Waczynski",20211297,26251,5,"foto_de_cara","https://static.acb.com/media/PRO/00/00/47/79/57/0000477957_03.jpg",1666011600
"A. Waczynski",20211297,27096,1,"foto_cuerpo","https://static.acb.com/media/PRO/00/00/47/79/62/0000477962_03.jpg",1666616400
"L. Langarita",20213218,26056,5,"foto_de_cara","https://static.acb.com/media/PRO/00/00/46/44/90/0000464490_03.jpg",1665838800
"Y. Nzosa",30000479,26695,1,"foto_cuerpo","https://static.acb.com/media/PRO/00/00/46/75/67/0000467567_03.jpg",1662037200
"Y. Nzosa",30000479,25998,5,"foto_de_cara","https://static.acb.com/media/PRO/00/00/46/75/58/0000467558_03.jpg",1641042000
"P. Oriola",20202164,27094,1,"foto_cuerpo","https://static.acb.com/media/PRO/00/00/47/78/86/0000477886_03.jpg",1666011600
"P. Oriola",20202164,25803,5,"foto_de_cara","https://static.acb.com/media/PRO/00/00/47/78/84/0000477884_03.jpg",1666011600
"D. Todorovic",20210404,25787,5,"foto_de_cara","https://static.acb.com/media/PRO/00/00/46/67/79/0000466779_03.jpg",1663246800
"D. Todorovic",20210404,26641,1,"foto_cuerpo","https://static.acb.com/media/PRO/00/00/46/67/89/0000466789_03.jpg",1662037200
"A. Bursac",30002112,27097,5,"foto_de_cara","https://static.acb.com/media/PRO/00/00/47/79/66/0000477966_03.jpg",1666875600
"A. Bursac",30002112,27098,1,"foto_cuerpo","https://static.acb.com/media/PRO/00/00/47/79/68/0000477968_03.jpg",1666875600
