id,id_competition,competition_name,competition_official_name,competition_initial_date,competition_final_date,competition_url_image,competition_url_image_negative,id_edition,edition_year,id_phase,phase_id,phase_description,phase_abrev,id_subphase,id_round,id_matchweek,id_week,week_description,matchweek_number,id_team_local,local_team_id_team_denomination,local_team_team_actual_name,local_team_team_actual_short_name,local_team_team_abbrev_name,id_team_visitor,visitor_team_id_team_denomination,visitor_team_team_actual_name,visitor_team_team_actual_short_name,visitor_team_team_abbrev_name,score_local,score_visitor,date,time,live,finalized,selected_players,arena_name,arena_town,period,crono
103358,1,Liga Nacional,Liga Endesa,-402534000,NA,https://www.acb.com/Documentos/Cabeceras/logo-competicion-1b.png,https://www.acb.com/Documentos/Cabeceras/logo-competicion-4a.png,87,2022,107,107,Liga Regular,LR,0,0,5557,265,Semana 1,1,4159,2416,Gran Canaria,Gran Canaria,GCA,4147,2404,Barça,Barça,BAR,88,85,1664496000,70200,FALSE,TRUE,FALSE,Gran Canaria Arena,Las Palmas de Gran Canaria,4,0
103366,1,Liga Nacional,Liga Endesa,-402534000,NA,https://www.acb.com/Documentos/Cabeceras/logo-competicion-1b.png,https://www.acb.com/Documentos/Cabeceras/logo-competicion-4a.png,87,2022,107,107,Liga Regular,LR,0,0,5557,265,Semana 1,1,4157,2414,Joventut Badalona,Joventut,JOV,4148,2405,Surne Bilbao Basket,Surne Bilbao,SBB,76,81,1664496000,70200,FALSE,TRUE,FALSE,Palau Municipal D´Esports de Badalona,Badalona,4,0
103355,1,Liga Nacional,Liga Endesa,-402534000,NA,https://www.acb.com/Documentos/Cabeceras/logo-competicion-1b.png,https://www.acb.com/Documentos/Cabeceras/logo-competicion-4a.png,87,2022,107,107,Liga Regular,LR,0,0,5557,265,Semana 1,1,4154,2411,Cazoo Baskonia,Cazoo Baskonia,BKN,4152,2409,Unicaja,Unicaja,UNI,103,89,1664496000,61200,FALSE,TRUE,FALSE,Fernando Buesa Arena,Vitoria-Gasteiz,4,0
103356,1,Liga Nacional,Liga Endesa,-402534000,NA,https://www.acb.com/Documentos/Cabeceras/logo-competicion-1b.png,https://www.acb.com/Documentos/Cabeceras/logo-competicion-4a.png,87,2022,107,107,Liga Regular,LR,0,0,5557,265,Semana 1,1,4145,2419,Real Betis Baloncesto,Betis,BET,4156,2413,Valencia Basket,Valencia Basket,VBC,78,83,1664496000,61200,FALSE,TRUE,FALSE,Palacio Municipal de Deportes San Pablo,Sevilla,4,0
103353,1,Liga Nacional,Liga Endesa,-402534000,NA,https://www.acb.com/Documentos/Cabeceras/logo-competicion-1b.png,https://www.acb.com/Documentos/Cabeceras/logo-competicion-4a.png,87,2022,107,107,Liga Regular,LR,0,0,5557,265,Semana 1,1,4155,2412,BAXI Manresa,BAXI Manresa,BAX,4158,2415,Lenovo Tenerife,Lenovo Tenerife,LNT,70,89,1664409600,70200,FALSE,TRUE,FALSE,Pavelló Nou Congost,Manresa,3,0
103354,1,Liga Nacional,Liga Endesa,-402534000,NA,https://www.acb.com/Documentos/Cabeceras/logo-competicion-1b.png,https://www.acb.com/Documentos/Cabeceras/logo-competicion-4a.png,87,2022,107,107,Liga Regular,LR,0,0,5557,265,Semana 1,1,4150,2407,UCAM Murcia,UCAM Murcia,UCM,4153,2410,Río Breogán,Río Breogán,BRE,70,84,1664409600,70200,FALSE,TRUE,FALSE,Palacio de Deportes de Murcia,Murcia,4,0
103351,1,Liga Nacional,Liga Endesa,-402534000,NA,https://www.acb.com/Documentos/Cabeceras/logo-competicion-1b.png,https://www.acb.com/Documentos/Cabeceras/logo-competicion-4a.png,87,2022,107,107,Liga Regular,LR,0,0,5557,265,Semana 1,1,4146,2403,Carplus Fuenlabrada,Carplus Fuenla,FUE,4160,2417,Coviran Granada,Coviran Granada,COV,81,83,1664409600,61200,FALSE,TRUE,FALSE,Pabellón Fernando Martín,Fuenlabrada,4,0
103352,1,Liga Nacional,Liga Endesa,-402534000,NA,https://www.acb.com/Documentos/Cabeceras/logo-competicion-1b.png,https://www.acb.com/Documentos/Cabeceras/logo-competicion-4a.png,87,2022,107,107,Liga Regular,LR,0,0,5557,265,Semana 1,1,4151,2408,Monbus Obradoiro,Monbus Obra,MOB,4144,2400,Casademont Zaragoza,Casademont Zgz,CAZ,76,73,1664409600,61200,FALSE,TRUE,FALSE,Multiusos Fontes do Sar,Santiago de Compostela,4,0
103350,1,Liga Nacional,Liga Endesa,-402534000,NA,https://www.acb.com/Documentos/Cabeceras/logo-competicion-1b.png,https://www.acb.com/Documentos/Cabeceras/logo-competicion-4a.png,87,2022,107,107,Liga Regular,LR,0,0,5557,265,Semana 1,1,4143,2399,Bàsquet Girona,Bàsquet Girona,GIR,4149,2406,Real Madrid,Real Madrid,RMB,88,94,1664323200,68400,FALSE,TRUE,FALSE,Palau Girona-Fontajau,Girona,2,0
103348,1,Liga Nacional,Liga Endesa,-402534000,NA,https://www.acb.com/Documentos/Cabeceras/logo-competicion-1b.png,https://www.acb.com/Documentos/Cabeceras/logo-competicion-4a.png,87,2022,107,107,Liga Regular,LR,0,0,5556,265,Semana 1,2,4147,2404,Barça,Barça,BAR,4154,2411,Cazoo Baskonia,Cazoo Baskonia,BKN,89,74,1664668800,64800,FALSE,TRUE,FALSE,Palau Blaugrana,Barcelona,4,0
103349,1,Liga Nacional,Liga Endesa,-402534000,NA,https://www.acb.com/Documentos/Cabeceras/logo-competicion-1b.png,https://www.acb.com/Documentos/Cabeceras/logo-competicion-4a.png,87,2022,107,107,Liga Regular,LR,0,0,5556,265,Semana 1,2,4156,2413,Valencia Basket,Valencia Basket,VBC,4157,2414,Joventut Badalona,Joventut,JOV,101,97,1664668800,59400,FALSE,TRUE,FALSE,Pabellón Fuente de San Luis,Valencia,5,0
103364,1,Liga Nacional,Liga Endesa,-402534000,NA,https://www.acb.com/Documentos/Cabeceras/logo-competicion-1b.png,https://www.acb.com/Documentos/Cabeceras/logo-competicion-4a.png,87,2022,107,107,Liga Regular,LR,0,0,5556,265,Semana 1,2,4152,2409,Unicaja,Unicaja,UNI,4159,2416,Gran Canaria,Gran Canaria,GCA,70,63,1664668800,54000,FALSE,TRUE,FALSE,Palacio de Deportes José María Martín Carpena,Málaga,4,0
103365,1,Liga Nacional,Liga Endesa,-402534000,NA,https://www.acb.com/Documentos/Cabeceras/logo-competicion-1b.png,https://www.acb.com/Documentos/Cabeceras/logo-competicion-4a.png,87,2022,107,107,Liga Regular,LR,0,0,5556,265,Semana 1,2,4148,2405,Surne Bilbao Basket,Surne Bilbao,SBB,4145,2419,Real Betis Baloncesto,Betis,BET,85,70,1664668800,54000,FALSE,TRUE,FALSE,Bilbao Arena,Bilbao,4,0
103362,1,Liga Nacional,Liga Endesa,-402534000,NA,https://www.acb.com/Documentos/Cabeceras/logo-competicion-1b.png,https://www.acb.com/Documentos/Cabeceras/logo-competicion-4a.png,87,2022,107,107,Liga Regular,LR,0,0,5556,265,Semana 1,2,4153,2410,Río Breogán,Río Breogán,BRE,4146,2403,Carplus Fuenlabrada,Carplus Fuenla,FUE,78,70,1664668800,37800,FALSE,TRUE,FALSE,Pazo Provincial dos Deportes de Lugo,Lugo,1,0
103363,1,Liga Nacional,Liga Endesa,-402534000,NA,https://www.acb.com/Documentos/Cabeceras/logo-competicion-1b.png,https://www.acb.com/Documentos/Cabeceras/logo-competicion-4a.png,87,2022,107,107,Liga Regular,LR,0,0,5556,265,Semana 1,2,4149,2406,Real Madrid,Real Madrid,RMB,4151,2408,Monbus Obradoiro,Monbus Obra,MOB,93,79,1664668800,37800,FALSE,TRUE,FALSE,WiZink Center,Madrid,4,0
103360,1,Liga Nacional,Liga Endesa,-402534000,NA,https://www.acb.com/Documentos/Cabeceras/logo-competicion-1b.png,https://www.acb.com/Documentos/Cabeceras/logo-competicion-4a.png,87,2022,107,107,Liga Regular,LR,0,0,5556,265,Semana 1,2,4160,2417,Coviran Granada,Coviran Granada,COV,4155,2412,BAXI Manresa,BAXI Manresa,BAX,84,87,1664582400,67500,FALSE,TRUE,FALSE,Palacio Deportes Granada,Granada,3,0
103361,1,Liga Nacional,Liga Endesa,-402534000,NA,https://www.acb.com/Documentos/Cabeceras/logo-competicion-1b.png,https://www.acb.com/Documentos/Cabeceras/logo-competicion-4a.png,87,2022,107,107,Liga Regular,LR,0,0,5556,265,Semana 1,2,4158,2415,Lenovo Tenerife,Lenovo Tenerife,LNT,4143,2399,Bàsquet Girona,Bàsquet Girona,GIR,76,67,1664582400,67500,FALSE,TRUE,FALSE,Pab. Dep. Tenerife Santiago Martín,San Cristóbal de La Laguna,4,0
103359,1,Liga Nacional,Liga Endesa,-402534000,NA,https://www.acb.com/Documentos/Cabeceras/logo-competicion-1b.png,https://www.acb.com/Documentos/Cabeceras/logo-competicion-4a.png,87,2022,107,107,Liga Regular,LR,0,0,5556,265,Semana 1,2,4144,2400,Casademont Zaragoza,Casademont Zgz,CAZ,4150,2407,UCAM Murcia,UCAM Murcia,UCM,64,81,1664582400,57600,FALSE,TRUE,FALSE,Pabellón Príncipe Felipe,Zaragoza,4,0
103337,1,Liga Nacional,Liga Endesa,-402534000,NA,https://www.acb.com/Documentos/Cabeceras/logo-competicion-1b.png,https://www.acb.com/Documentos/Cabeceras/logo-competicion-4a.png,87,2022,107,107,Liga Regular,LR,0,0,5555,295,Semana 2,3,4146,2403,Carplus Fuenlabrada,Carplus Fuenla,FUE,4147,2404,Barça,Barça,BAR,56,84,1665273600,62100,FALSE,TRUE,FALSE,Pabellón Fernando Martín,Fuenlabrada,4,0
103336,1,Liga Nacional,Liga Endesa,-402534000,NA,https://www.acb.com/Documentos/Cabeceras/logo-competicion-1b.png,https://www.acb.com/Documentos/Cabeceras/logo-competicion-4a.png,87,2022,107,107,Liga Regular,LR,0,0,5555,295,Semana 2,3,4154,2411,Cazoo Baskonia,Cazoo Baskonia,BKN,4158,2415,Lenovo Tenerife,Lenovo Tenerife,LNT,79,85,1665273600,59400,FALSE,TRUE,FALSE,Fernando Buesa Arena,Vitoria-Gasteiz,4,0
103335,1,Liga Nacional,Liga Endesa,-402534000,NA,https://www.acb.com/Documentos/Cabeceras/logo-competicion-1b.png,https://www.acb.com/Documentos/Cabeceras/logo-competicion-4a.png,87,2022,107,107,Liga Regular,LR,0,0,5555,295,Semana 2,3,4148,2405,Surne Bilbao Basket,Surne Bilbao,SBB,4156,2413,Valencia Basket,Valencia Basket,VBC,71,65,1665273600,54000,FALSE,TRUE,FALSE,Bilbao Arena,Bilbao,4,0
103333,1,Liga Nacional,Liga Endesa,-402534000,NA,https://www.acb.com/Documentos/Cabeceras/logo-competicion-1b.png,https://www.acb.com/Documentos/Cabeceras/logo-competicion-4a.png,87,2022,107,107,Liga Regular,LR,0,0,5555,295,Semana 2,3,4150,2407,UCAM Murcia,UCAM Murcia,UCM,4160,2417,Coviran Granada,Coviran Granada,COV,82,89,1665273600,37800,FALSE,TRUE,FALSE,Palacio de Deportes de Murcia,Murcia,3,0
103334,1,Liga Nacional,Liga Endesa,-402534000,NA,https://www.acb.com/Documentos/Cabeceras/logo-competicion-1b.png,https://www.acb.com/Documentos/Cabeceras/logo-competicion-4a.png,87,2022,107,107,Liga Regular,LR,0,0,5555,295,Semana 2,3,4152,2409,Unicaja,Unicaja,UNI,4149,2406,Real Madrid,Real Madrid,RMB,71,76,1665273600,37800,FALSE,TRUE,FALSE,Palacio de Deportes José María Martín Carpena,Málaga,1,0
103331,1,Liga Nacional,Liga Endesa,-402534000,NA,https://www.acb.com/Documentos/Cabeceras/logo-competicion-1b.png,https://www.acb.com/Documentos/Cabeceras/logo-competicion-4a.png,87,2022,107,107,Liga Regular,LR,0,0,5555,295,Semana 2,3,4157,2414,Joventut Badalona,Joventut,JOV,4153,2410,Río Breogán,Río Breogán,BRE,85,66,1665187200,67500,FALSE,TRUE,FALSE,Palau Municipal D´Esports de Badalona,Badalona,4,0
103332,1,Liga Nacional,Liga Endesa,-402534000,NA,https://www.acb.com/Documentos/Cabeceras/logo-competicion-1b.png,https://www.acb.com/Documentos/Cabeceras/logo-competicion-4a.png,87,2022,107,107,Liga Regular,LR,0,0,5555,295,Semana 2,3,4159,2416,Gran Canaria,Gran Canaria,GCA,4144,2400,Casademont Zaragoza,Casademont Zgz,CAZ,88,72,1665187200,67500,FALSE,TRUE,FALSE,Gran Canaria Arena,Las Palmas de Gran Canaria,4,0
103346,1,Liga Nacional,Liga Endesa,-402534000,NA,https://www.acb.com/Documentos/Cabeceras/logo-competicion-1b.png,https://www.acb.com/Documentos/Cabeceras/logo-competicion-4a.png,87,2022,107,107,Liga Regular,LR,0,0,5555,295,Semana 2,3,4145,2419,Real Betis Baloncesto,Betis,BET,4155,2412,BAXI Manresa,BAXI Manresa,BAX,87,83,1665187200,57600,FALSE,TRUE,FALSE,Palacio Municipal de Deportes San Pablo,Sevilla,1,0
103347,1,Liga Nacional,Liga Endesa,-402534000,NA,https://www.acb.com/Documentos/Cabeceras/logo-competicion-1b.png,https://www.acb.com/Documentos/Cabeceras/logo-competicion-4a.png,87,2022,107,107,Liga Regular,LR,0,0,5555,295,Semana 2,3,4151,2408,Monbus Obradoiro,Monbus Obra,MOB,4143,2399,Bàsquet Girona,Bàsquet Girona,GIR,89,63,1665187200,57600,FALSE,TRUE,FALSE,Multiusos Fontes do Sar,Santiago de Compostela,4,0
103338,1,Liga Nacional,Liga Endesa,-402534000,NA,https://www.acb.com/Documentos/Cabeceras/logo-competicion-1b.png,https://www.acb.com/Documentos/Cabeceras/logo-competicion-4a.png,87,2022,107,107,Liga Regular,LR,0,0,5537,294,Semana 3,4,4144,2400,Casademont Zaragoza,Casademont Zgz,CAZ,4154,2411,Cazoo Baskonia,Cazoo Baskonia,BKN,83,97,1665878400,64800,FALSE,TRUE,FALSE,Pabellón Príncipe Felipe,Zaragoza,4,0
103339,1,Liga Nacional,Liga Endesa,-402534000,NA,https://www.acb.com/Documentos/Cabeceras/logo-competicion-1b.png,https://www.acb.com/Documentos/Cabeceras/logo-competicion-4a.png,87,2022,107,107,Liga Regular,LR,0,0,5537,294,Semana 3,4,4149,2406,Real Madrid,Real Madrid,RMB,4157,2414,Joventut Badalona,Joventut,JOV,96,79,1665878400,63000,FALSE,TRUE,FALSE,WiZink Center,Madrid,4,0
103340,1,Liga Nacional,Liga Endesa,-402534000,NA,https://www.acb.com/Documentos/Cabeceras/logo-competicion-1b.png,https://www.acb.com/Documentos/Cabeceras/logo-competicion-4a.png,87,2022,107,107,Liga Regular,LR,0,0,5537,294,Semana 3,4,4156,2413,Valencia Basket,Valencia Basket,VBC,4150,2407,UCAM Murcia,UCAM Murcia,UCM,74,75,1665878400,59400,FALSE,TRUE,FALSE,Pabellón Fuente de San Luis,Valencia,4,0
103341,1,Liga Nacional,Liga Endesa,-402534000,NA,https://www.acb.com/Documentos/Cabeceras/logo-competicion-1b.png,https://www.acb.com/Documentos/Cabeceras/logo-competicion-4a.png,87,2022,107,107,Liga Regular,LR,0,0,5537,294,Semana 3,4,4153,2410,Río Breogán,Río Breogán,BRE,4159,2416,Gran Canaria,Gran Canaria,GCA,53,71,1665878400,37800,FALSE,TRUE,FALSE,Pazo Provincial dos Deportes de Lugo,Lugo,4,0
103342,1,Liga Nacional,Liga Endesa,-402534000,NA,https://www.acb.com/Documentos/Cabeceras/logo-competicion-1b.png,https://www.acb.com/Documentos/Cabeceras/logo-competicion-4a.png,87,2022,107,107,Liga Regular,LR,0,0,5537,294,Semana 3,4,4143,2399,Bàsquet Girona,Bàsquet Girona,GIR,4152,2409,Unicaja,Unicaja,UNI,59,73,1665878400,37800,FALSE,TRUE,FALSE,Palau Girona-Fontajau,Girona,4,0
103343,1,Liga Nacional,Liga Endesa,-402534000,NA,https://www.acb.com/Documentos/Cabeceras/logo-competicion-1b.png,https://www.acb.com/Documentos/Cabeceras/logo-competicion-4a.png,87,2022,107,107,Liga Regular,LR,0,0,5537,294,Semana 3,4,4155,2412,BAXI Manresa,BAXI Manresa,BAX,4147,2404,Barça,Barça,BAR,78,101,1665792000,67500,FALSE,TRUE,FALSE,Pavelló Nou Congost,Manresa,4,0
103344,1,Liga Nacional,Liga Endesa,-402534000,NA,https://www.acb.com/Documentos/Cabeceras/logo-competicion-1b.png,https://www.acb.com/Documentos/Cabeceras/logo-competicion-4a.png,87,2022,107,107,Liga Regular,LR,0,0,5537,294,Semana 3,4,4158,2415,Lenovo Tenerife,Lenovo Tenerife,LNT,4151,2408,Monbus Obradoiro,Monbus Obra,MOB,86,67,1665792000,67500,FALSE,TRUE,FALSE,Pab. Dep. Tenerife Santiago Martín,San Cristóbal de La Laguna,4,0
103139,1,Liga Nacional,Liga Endesa,-402534000,NA,https://www.acb.com/Documentos/Cabeceras/logo-competicion-1b.png,https://www.acb.com/Documentos/Cabeceras/logo-competicion-4a.png,87,2022,107,107,Liga Regular,LR,0,0,5537,294,Semana 3,4,4146,2403,Carplus Fuenlabrada,Carplus Fuenla,FUE,4145,2419,Real Betis Baloncesto,Betis,BET,83,77,1665792000,57600,FALSE,TRUE,FALSE,Pabellón Fernando Martín,Fuenlabrada,2,0
103345,1,Liga Nacional,Liga Endesa,-402534000,NA,https://www.acb.com/Documentos/Cabeceras/logo-competicion-1b.png,https://www.acb.com/Documentos/Cabeceras/logo-competicion-4a.png,87,2022,107,107,Liga Regular,LR,0,0,5537,294,Semana 3,4,4160,2417,Coviran Granada,Coviran Granada,COV,4148,2405,Surne Bilbao Basket,Surne Bilbao,SBB,99,84,1665792000,57600,FALSE,TRUE,FALSE,Palacio Deportes Granada,Granada,4,0
103303,1,Liga Nacional,Liga Endesa,-402534000,NA,https://www.acb.com/Documentos/Cabeceras/logo-competicion-1b.png,https://www.acb.com/Documentos/Cabeceras/logo-competicion-4a.png,87,2022,107,107,Liga Regular,LR,0,0,5558,293,Semana 4,5,4154,2411,Cazoo Baskonia,Cazoo Baskonia,BKN,4149,2406,Real Madrid,Real Madrid,RMB,88,82,1666483200,62100,FALSE,TRUE,FALSE,Fernando Buesa Arena,Vitoria-Gasteiz,4,0
103304,1,Liga Nacional,Liga Endesa,-402534000,NA,https://www.acb.com/Documentos/Cabeceras/logo-competicion-1b.png,https://www.acb.com/Documentos/Cabeceras/logo-competicion-4a.png,87,2022,107,107,Liga Regular,LR,0,0,5558,293,Semana 4,5,4157,2414,Joventut Badalona,Joventut,JOV,4152,2409,Unicaja,Unicaja,UNI,74,65,1666483200,59400,FALSE,TRUE,FALSE,Palau Municipal D´Esports de Badalona,Badalona,4,0
103305,1,Liga Nacional,Liga Endesa,-402534000,NA,https://www.acb.com/Documentos/Cabeceras/logo-competicion-1b.png,https://www.acb.com/Documentos/Cabeceras/logo-competicion-4a.png,87,2022,107,107,Liga Regular,LR,0,0,5558,293,Semana 4,5,4151,2408,Monbus Obradoiro,Monbus Obra,MOB,4156,2413,Valencia Basket,Valencia Basket,VBC,98,103,1666483200,54000,FALSE,TRUE,FALSE,Multiusos Fontes do Sar,Santiago de Compostela,5,0
103306,1,Liga Nacional,Liga Endesa,-402534000,NA,https://www.acb.com/Documentos/Cabeceras/logo-competicion-1b.png,https://www.acb.com/Documentos/Cabeceras/logo-competicion-4a.png,87,2022,107,107,Liga Regular,LR,0,0,5558,293,Semana 4,5,4147,2404,Barça,Barça,BAR,4158,2415,Lenovo Tenerife,Lenovo Tenerife,LNT,67,65,1666483200,37800,FALSE,TRUE,FALSE,Palau Blaugrana,Barcelona,4,0
103307,1,Liga Nacional,Liga Endesa,-402534000,NA,https://www.acb.com/Documentos/Cabeceras/logo-competicion-1b.png,https://www.acb.com/Documentos/Cabeceras/logo-competicion-4a.png,87,2022,107,107,Liga Regular,LR,0,0,5558,293,Semana 4,5,4145,2419,Real Betis Baloncesto,Betis,BET,4143,2399,Bàsquet Girona,Bàsquet Girona,GIR,71,79,1666483200,37800,FALSE,TRUE,FALSE,Palacio Municipal de Deportes San Pablo,Sevilla,3,0
103309,1,Liga Nacional,Liga Endesa,-402534000,NA,https://www.acb.com/Documentos/Cabeceras/logo-competicion-1b.png,https://www.acb.com/Documentos/Cabeceras/logo-competicion-4a.png,87,2022,107,107,Liga Regular,LR,0,0,5558,293,Semana 4,5,4159,2416,Gran Canaria,Gran Canaria,GCA,4160,2417,Coviran Granada,Coviran Granada,COV,94,76,1666396800,67500,FALSE,TRUE,FALSE,Gran Canaria Arena,Las Palmas de Gran Canaria,4,0
103328,1,Liga Nacional,Liga Endesa,-402534000,NA,https://www.acb.com/Documentos/Cabeceras/logo-competicion-1b.png,https://www.acb.com/Documentos/Cabeceras/logo-competicion-4a.png,87,2022,107,107,Liga Regular,LR,0,0,5558,293,Semana 4,5,4144,2400,Casademont Zaragoza,Casademont Zgz,CAZ,4146,2403,Carplus Fuenlabrada,Carplus Fuenla,FUE,79,82,1666396800,67500,FALSE,TRUE,FALSE,Pabellón Príncipe Felipe,Zaragoza,4,0
103329,1,Liga Nacional,Liga Endesa,-402534000,NA,https://www.acb.com/Documentos/Cabeceras/logo-competicion-1b.png,https://www.acb.com/Documentos/Cabeceras/logo-competicion-4a.png,87,2022,107,107,Liga Regular,LR,0,0,5558,293,Semana 4,5,4153,2410,Río Breogán,Río Breogán,BRE,4148,2405,Surne Bilbao Basket,Surne Bilbao,SBB,86,70,1666396800,57600,FALSE,TRUE,FALSE,Pazo Provincial dos Deportes de Lugo,Lugo,4,0
103330,1,Liga Nacional,Liga Endesa,-402534000,NA,https://www.acb.com/Documentos/Cabeceras/logo-competicion-1b.png,https://www.acb.com/Documentos/Cabeceras/logo-competicion-4a.png,87,2022,107,107,Liga Regular,LR,0,0,5558,293,Semana 4,5,4150,2407,UCAM Murcia,UCAM Murcia,UCM,4155,2412,BAXI Manresa,BAXI Manresa,BAX,96,83,1666396800,57600,FALSE,TRUE,FALSE,Palacio de Deportes de Murcia,Murcia,1,0
103294,1,Liga Nacional,Liga Endesa,-402534000,NA,https://www.acb.com/Documentos/Cabeceras/logo-competicion-1b.png,https://www.acb.com/Documentos/Cabeceras/logo-competicion-4a.png,87,2022,107,107,Liga Regular,LR,0,0,5559,292,Semana 5,6,4148,2405,Surne Bilbao Basket,Surne Bilbao,SBB,4154,2411,Cazoo Baskonia,Cazoo Baskonia,BKN,70,81,1667088000,72000,FALSE,TRUE,FALSE,Bilbao Arena,Bilbao,4,0
103296,1,Liga Nacional,Liga Endesa,-402534000,NA,https://www.acb.com/Documentos/Cabeceras/logo-competicion-1b.png,https://www.acb.com/Documentos/Cabeceras/logo-competicion-4a.png,87,2022,107,107,Liga Regular,LR,0,0,5559,292,Semana 5,6,4143,2399,Bàsquet Girona,Bàsquet Girona,GIR,4150,2407,UCAM Murcia,UCAM Murcia,UCM,100,89,1667088000,65700,FALSE,TRUE,FALSE,Palau Girona-Fontajau,Girona,3,0
103295,1,Liga Nacional,Liga Endesa,-402534000,NA,https://www.acb.com/Documentos/Cabeceras/logo-competicion-1b.png,https://www.acb.com/Documentos/Cabeceras/logo-competicion-4a.png,87,2022,107,107,Liga Regular,LR,0,0,5559,292,Semana 5,6,4156,2413,Valencia Basket,Valencia Basket,VBC,4147,2404,Barça,Barça,BAR,80,92,1667088000,63000,FALSE,TRUE,FALSE,Pabellón Fuente de San Luis,Valencia,4,0
103297,1,Liga Nacional,Liga Endesa,-402534000,NA,https://www.acb.com/Documentos/Cabeceras/logo-competicion-1b.png,https://www.acb.com/Documentos/Cabeceras/logo-competicion-4a.png,87,2022,107,107,Liga Regular,LR,0,0,5559,292,Semana 5,6,4152,2409,Unicaja,Unicaja,UNI,4145,2419,Real Betis Baloncesto,Betis,BET,106,60,1667088000,41400,FALSE,TRUE,FALSE,Palacio de Deportes José María Martín Carpena,Málaga,4,0
103298,1,Liga Nacional,Liga Endesa,-402534000,NA,https://www.acb.com/Documentos/Cabeceras/logo-competicion-1b.png,https://www.acb.com/Documentos/Cabeceras/logo-competicion-4a.png,87,2022,107,107,Liga Regular,LR,0,0,5559,292,Semana 5,6,4149,2406,Real Madrid,Real Madrid,RMB,4146,2403,Carplus Fuenlabrada,Carplus Fuenla,FUE,91,69,1667088000,41400,FALSE,TRUE,FALSE,WiZink Center,Madrid,4,0
103299,1,Liga Nacional,Liga Endesa,-402534000,NA,https://www.acb.com/Documentos/Cabeceras/logo-competicion-1b.png,https://www.acb.com/Documentos/Cabeceras/logo-competicion-4a.png,87,2022,107,107,Liga Regular,LR,0,0,5559,292,Semana 5,6,4159,2416,Gran Canaria,Gran Canaria,GCA,4158,2415,Lenovo Tenerife,Lenovo Tenerife,LNT,70,86,1667001600,67500,FALSE,TRUE,FALSE,Gran Canaria Arena,Las Palmas de Gran Canaria,4,0
103300,1,Liga Nacional,Liga Endesa,-402534000,NA,https://www.acb.com/Documentos/Cabeceras/logo-competicion-1b.png,https://www.acb.com/Documentos/Cabeceras/logo-competicion-4a.png,87,2022,107,107,Liga Regular,LR,0,0,5559,292,Semana 5,6,4157,2414,Joventut Badalona,Joventut,JOV,4144,2400,Casademont Zaragoza,Casademont Zgz,CAZ,89,84,1667001600,67500,FALSE,TRUE,FALSE,Palau Municipal D´Esports de Badalona,Badalona,5,0
103301,1,Liga Nacional,Liga Endesa,-402534000,NA,https://www.acb.com/Documentos/Cabeceras/logo-competicion-1b.png,https://www.acb.com/Documentos/Cabeceras/logo-competicion-4a.png,87,2022,107,107,Liga Regular,LR,0,0,5559,292,Semana 5,6,4155,2412,BAXI Manresa,BAXI Manresa,BAX,4153,2410,Río Breogán,Río Breogán,BRE,70,106,1667001600,57600,FALSE,TRUE,FALSE,Pavelló Nou Congost,Manresa,4,0
103302,1,Liga Nacional,Liga Endesa,-402534000,NA,https://www.acb.com/Documentos/Cabeceras/logo-competicion-1b.png,https://www.acb.com/Documentos/Cabeceras/logo-competicion-4a.png,87,2022,107,107,Liga Regular,LR,0,0,5559,292,Semana 5,6,4160,2417,Coviran Granada,Coviran Granada,COV,4151,2408,Monbus Obradoiro,Monbus Obra,MOB,93,89,1667001600,57600,FALSE,TRUE,FALSE,Palacio Deportes Granada,Granada,1,0
103325,1,Liga Nacional,Liga Endesa,-402534000,NA,https://www.acb.com/Documentos/Cabeceras/logo-competicion-1b.png,https://www.acb.com/Documentos/Cabeceras/logo-competicion-4a.png,87,2022,107,107,Liga Regular,LR,0,0,5560,291,Semana 6,7,4153,2410,Río Breogán,Río Breogán,BRE,4156,2413,Valencia Basket,Valencia Basket,VBC,83,88,1667692800,68400,FALSE,TRUE,FALSE,Pazo Provincial dos Deportes de Lugo,Lugo,4,0
103324,1,Liga Nacional,Liga Endesa,-402534000,NA,https://www.acb.com/Documentos/Cabeceras/logo-competicion-1b.png,https://www.acb.com/Documentos/Cabeceras/logo-competicion-4a.png,87,2022,107,107,Liga Regular,LR,0,0,5560,291,Semana 6,7,4144,2400,Casademont Zaragoza,Casademont Zgz,CAZ,4149,2406,Real Madrid,Real Madrid,RMB,94,89,1667692800,63000,FALSE,TRUE,FALSE,Pabellón Príncipe Felipe,Zaragoza,4,0
103323,1,Liga Nacional,Liga Endesa,-402534000,NA,https://www.acb.com/Documentos/Cabeceras/logo-competicion-1b.png,https://www.acb.com/Documentos/Cabeceras/logo-competicion-4a.png,87,2022,107,107,Liga Regular,LR,0,0,5560,291,Semana 6,7,4154,2411,Cazoo Baskonia,Cazoo Baskonia,BKN,4145,2419,Real Betis Baloncesto,Betis,BET,107,103,1667692800,57600,FALSE,TRUE,FALSE,Fernando Buesa Arena,Vitoria-Gasteiz,5,0
103326,1,Liga Nacional,Liga Endesa,-402534000,NA,https://www.acb.com/Documentos/Cabeceras/logo-competicion-1b.png,https://www.acb.com/Documentos/Cabeceras/logo-competicion-4a.png,87,2022,107,107,Liga Regular,LR,0,0,5560,291,Semana 6,7,4147,2404,Barça,Barça,BAR,4143,2399,Bàsquet Girona,Bàsquet Girona,GIR,72,69,1667692800,57600,FALSE,TRUE,FALSE,Palau Blaugrana,Barcelona,3,0
103311,1,Liga Nacional,Liga Endesa,-402534000,NA,https://www.acb.com/Documentos/Cabeceras/logo-competicion-1b.png,https://www.acb.com/Documentos/Cabeceras/logo-competicion-4a.png,87,2022,107,107,Liga Regular,LR,0,0,5560,291,Semana 6,7,4158,2415,Lenovo Tenerife,Lenovo Tenerife,LNT,4148,2405,Surne Bilbao Basket,Surne Bilbao,SBB,73,57,1667692800,43200,FALSE,TRUE,FALSE,Pab. Dep. Tenerife Santiago Martín,San Cristóbal de La Laguna,4,0
103327,1,Liga Nacional,Liga Endesa,-402534000,NA,https://www.acb.com/Documentos/Cabeceras/logo-competicion-1b.png,https://www.acb.com/Documentos/Cabeceras/logo-competicion-4a.png,87,2022,107,107,Liga Regular,LR,0,0,5560,291,Semana 6,7,4152,2409,Unicaja,Unicaja,UNI,4160,2417,Coviran Granada,Coviran Granada,COV,94,68,1667692800,41400,FALSE,TRUE,FALSE,Palacio de Deportes José María Martín Carpena,Málaga,4,0
103308,1,Liga Nacional,Liga Endesa,-402534000,NA,https://www.acb.com/Documentos/Cabeceras/logo-competicion-1b.png,https://www.acb.com/Documentos/Cabeceras/logo-competicion-4a.png,87,2022,107,107,Liga Regular,LR,0,0,5560,291,Semana 6,7,4151,2408,Monbus Obradoiro,Monbus Obra,MOB,4159,2416,Gran Canaria,Gran Canaria,GCA,58,85,1667606400,71100,FALSE,TRUE,FALSE,Multiusos Fontes do Sar,Santiago de Compostela,3,0
103310,1,Liga Nacional,Liga Endesa,-402534000,NA,https://www.acb.com/Documentos/Cabeceras/logo-competicion-1b.png,https://www.acb.com/Documentos/Cabeceras/logo-competicion-4a.png,87,2022,107,107,Liga Regular,LR,0,0,5560,291,Semana 6,7,4150,2407,UCAM Murcia,UCAM Murcia,UCM,4157,2414,Joventut Badalona,Joventut,JOV,88,76,1667606400,71100,FALSE,TRUE,FALSE,Palacio de Deportes de Murcia,Murcia,4,0
103293,1,Liga Nacional,Liga Endesa,-402534000,NA,https://www.acb.com/Documentos/Cabeceras/logo-competicion-1b.png,https://www.acb.com/Documentos/Cabeceras/logo-competicion-4a.png,87,2022,107,107,Liga Regular,LR,0,0,5560,291,Semana 6,7,4146,2403,Carplus Fuenlabrada,Carplus Fuenla,FUE,4155,2412,BAXI Manresa,BAXI Manresa,BAX,101,97,1667606400,61200,FALSE,TRUE,FALSE,Pabellón Fernando Martín,Fuenlabrada,4,0
103314,1,Liga Nacional,Liga Endesa,-402534000,NA,https://www.acb.com/Documentos/Cabeceras/logo-competicion-1b.png,https://www.acb.com/Documentos/Cabeceras/logo-competicion-4a.png,87,2022,107,107,Liga Regular,LR,0,0,5562,289,Semana 8,8,4160,2417,Coviran Granada,Coviran Granada,COV,4153,2410,Río Breogán,Río Breogán,BRE,80,70,1668902400,68400,FALSE,TRUE,FALSE,Palacio Deportes Granada,Granada,4,0
103315,1,Liga Nacional,Liga Endesa,-402534000,NA,https://www.acb.com/Documentos/Cabeceras/logo-competicion-1b.png,https://www.acb.com/Documentos/Cabeceras/logo-competicion-4a.png,87,2022,107,107,Liga Regular,LR,0,0,5562,289,Semana 8,8,4157,2414,Joventut Badalona,Joventut,JOV,4147,2404,Barça,Barça,BAR,82,79,1668902400,63000,FALSE,TRUE,FALSE,Palau Municipal D´Esports de Badalona,Badalona,4,0
103316,1,Liga Nacional,Liga Endesa,-402534000,NA,https://www.acb.com/Documentos/Cabeceras/logo-competicion-1b.png,https://www.acb.com/Documentos/Cabeceras/logo-competicion-4a.png,87,2022,107,107,Liga Regular,LR,0,0,5562,289,Semana 8,8,4155,2412,BAXI Manresa,BAXI Manresa,BAX,4154,2411,Cazoo Baskonia,Cazoo Baskonia,BKN,93,80,1668902400,57600,FALSE,TRUE,FALSE,Pavelló Nou Congost,Manresa,2,0
103317,1,Liga Nacional,Liga Endesa,-402534000,NA,https://www.acb.com/Documentos/Cabeceras/logo-competicion-1b.png,https://www.acb.com/Documentos/Cabeceras/logo-competicion-4a.png,87,2022,107,107,Liga Regular,LR,0,0,5562,289,Semana 8,8,4148,2405,Surne Bilbao Basket,Surne Bilbao,SBB,4146,2403,Carplus Fuenlabrada,Carplus Fuenla,FUE,109,82,1668902400,41400,FALSE,TRUE,FALSE,Bilbao Arena,Bilbao,4,0
103318,1,Liga Nacional,Liga Endesa,-402534000,NA,https://www.acb.com/Documentos/Cabeceras/logo-competicion-1b.png,https://www.acb.com/Documentos/Cabeceras/logo-competicion-4a.png,87,2022,107,107,Liga Regular,LR,0,0,5562,289,Semana 8,8,4149,2406,Real Madrid,Real Madrid,RMB,4150,2407,UCAM Murcia,UCAM Murcia,UCM,93,57,1668902400,41400,FALSE,TRUE,FALSE,WiZink Center,Madrid,4,0
103319,1,Liga Nacional,Liga Endesa,-402534000,NA,https://www.acb.com/Documentos/Cabeceras/logo-competicion-1b.png,https://www.acb.com/Documentos/Cabeceras/logo-competicion-4a.png,87,2022,107,107,Liga Regular,LR,0,0,5562,289,Semana 8,8,4143,2399,Bàsquet Girona,Bàsquet Girona,GIR,4159,2416,Gran Canaria,Gran Canaria,GCA,69,78,1668816000,71100,FALSE,TRUE,FALSE,Palau Girona-Fontajau,Girona,3,0
103320,1,Liga Nacional,Liga Endesa,-402534000,NA,https://www.acb.com/Documentos/Cabeceras/logo-competicion-1b.png,https://www.acb.com/Documentos/Cabeceras/logo-competicion-4a.png,87,2022,107,107,Liga Regular,LR,0,0,5562,289,Semana 8,8,4158,2415,Lenovo Tenerife,Lenovo Tenerife,LNT,4156,2413,Valencia Basket,Valencia Basket,VBC,94,78,1668816000,71100,FALSE,TRUE,FALSE,Pab. Dep. Tenerife Santiago Martín,San Cristóbal de La Laguna,4,0
103321,1,Liga Nacional,Liga Endesa,-402534000,NA,https://www.acb.com/Documentos/Cabeceras/logo-competicion-1b.png,https://www.acb.com/Documentos/Cabeceras/logo-competicion-4a.png,87,2022,107,107,Liga Regular,LR,0,0,5562,289,Semana 8,8,4151,2408,Monbus Obradoiro,Monbus Obra,MOB,4152,2409,Unicaja,Unicaja,UNI,86,87,1668816000,61200,FALSE,TRUE,FALSE,Multiusos Fontes do Sar,Santiago de Compostela,4,0
103322,1,Liga Nacional,Liga Endesa,-402534000,NA,https://www.acb.com/Documentos/Cabeceras/logo-competicion-1b.png,https://www.acb.com/Documentos/Cabeceras/logo-competicion-4a.png,87,2022,107,107,Liga Regular,LR,0,0,5562,289,Semana 8,8,4145,2419,Real Betis Baloncesto,Betis,BET,4144,2400,Casademont Zaragoza,Casademont Zgz,CAZ,67,83,1668816000,61200,FALSE,TRUE,FALSE,Palacio Municipal de Deportes San Pablo,Sevilla,4,0
103420,1,Liga Nacional,Liga Endesa,-402534000,NA,https://www.acb.com/Documentos/Cabeceras/logo-competicion-1b.png,https://www.acb.com/Documentos/Cabeceras/logo-competicion-4a.png,87,2022,107,107,Liga Regular,LR,0,0,5569,288,Semana 9,9,4156,2413,Valencia Basket,Valencia Basket,VBC,4152,2409,Unicaja,Unicaja,UNI,67,83,1669507200,57600,FALSE,TRUE,FALSE,Pabellón Fuente de San Luis,Valencia,4,0
103421,1,Liga Nacional,Liga Endesa,-402534000,NA,https://www.acb.com/Documentos/Cabeceras/logo-competicion-1b.png,https://www.acb.com/Documentos/Cabeceras/logo-competicion-4a.png,87,2022,107,107,Liga Regular,LR,0,0,5569,288,Semana 9,9,4154,2411,Cazoo Baskonia,Cazoo Baskonia,BKN,4143,2399,Bàsquet Girona,Bàsquet Girona,GIR,95,68,1669507200,57600,FALSE,TRUE,FALSE,Fernando Buesa Arena,Vitoria-Gasteiz,4,0
103422,1,Liga Nacional,Liga Endesa,-402534000,NA,https://www.acb.com/Documentos/Cabeceras/logo-competicion-1b.png,https://www.acb.com/Documentos/Cabeceras/logo-competicion-4a.png,87,2022,107,107,Liga Regular,LR,0,0,5569,288,Semana 9,9,4147,2404,Barça,Barça,BAR,4160,2417,Coviran Granada,Coviran Granada,COV,100,82,1669507200,57600,FALSE,TRUE,FALSE,Palau Blaugrana,Barcelona,4,0
103369,1,Liga Nacional,Liga Endesa,-402534000,NA,https://www.acb.com/Documentos/Cabeceras/logo-competicion-1b.png,https://www.acb.com/Documentos/Cabeceras/logo-competicion-4a.png,87,2022,107,107,Liga Regular,LR,0,0,5569,288,Semana 9,9,4145,2419,Real Betis Baloncesto,Betis,BET,4149,2406,Real Madrid,Real Madrid,RMB,55,73,1669507200,41400,FALSE,TRUE,FALSE,Palacio Municipal de Deportes San Pablo,Sevilla,4,0
103434,1,Liga Nacional,Liga Endesa,-402534000,NA,https://www.acb.com/Documentos/Cabeceras/logo-competicion-1b.png,https://www.acb.com/Documentos/Cabeceras/logo-competicion-4a.png,87,2022,107,107,Liga Regular,LR,0,0,5569,288,Semana 9,9,4150,2407,UCAM Murcia,UCAM Murcia,UCM,4151,2408,Monbus Obradoiro,Monbus Obra,MOB,80,84,1669507200,41400,FALSE,TRUE,FALSE,Palacio de Deportes de Murcia,Murcia,3,0
103357,1,Liga Nacional,Liga Endesa,-402534000,NA,https://www.acb.com/Documentos/Cabeceras/logo-competicion-1b.png,https://www.acb.com/Documentos/Cabeceras/logo-competicion-4a.png,87,2022,107,107,Liga Regular,LR,0,0,5569,288,Semana 9,9,4144,2400,Casademont Zaragoza,Casademont Zgz,CAZ,4148,2405,Surne Bilbao Basket,Surne Bilbao,SBB,67,74,1669420800,71100,FALSE,TRUE,FALSE,Pabellón Príncipe Felipe,Zaragoza,4,0
103312,1,Liga Nacional,Liga Endesa,-402534000,NA,https://www.acb.com/Documentos/Cabeceras/logo-competicion-1b.png,https://www.acb.com/Documentos/Cabeceras/logo-competicion-4a.png,87,2022,107,107,Liga Regular,LR,0,0,5569,288,Semana 9,9,4153,2410,Río Breogán,Río Breogán,BRE,4158,2415,Lenovo Tenerife,Lenovo Tenerife,LNT,61,86,1669420800,66600,FALSE,TRUE,FALSE,Pazo Provincial dos Deportes de Lugo,Lugo,4,0
103313,1,Liga Nacional,Liga Endesa,-402534000,NA,https://www.acb.com/Documentos/Cabeceras/logo-competicion-1b.png,https://www.acb.com/Documentos/Cabeceras/logo-competicion-4a.png,87,2022,107,107,Liga Regular,LR,0,0,5569,288,Semana 9,9,4146,2403,Carplus Fuenlabrada,Carplus Fuenla,FUE,4157,2414,Joventut Badalona,Joventut,JOV,81,85,1669420800,61200,FALSE,TRUE,FALSE,Pabellón Fernando Martín,Fuenlabrada,4,0
103368,1,Liga Nacional,Liga Endesa,-402534000,NA,https://www.acb.com/Documentos/Cabeceras/logo-competicion-1b.png,https://www.acb.com/Documentos/Cabeceras/logo-competicion-4a.png,87,2022,107,107,Liga Regular,LR,0,0,5569,288,Semana 9,9,4159,2416,Gran Canaria,Gran Canaria,GCA,4155,2412,BAXI Manresa,BAXI Manresa,BAX,99,88,1669420800,61200,FALSE,TRUE,FALSE,Gran Canaria Arena,Las Palmas de Gran Canaria,3,0
103411,1,Liga Nacional,Liga Endesa,-402534000,NA,https://www.acb.com/Documentos/Cabeceras/logo-competicion-1b.png,https://www.acb.com/Documentos/Cabeceras/logo-competicion-4a.png,87,2022,107,107,Liga Regular,LR,0,0,5563,287,Semana 10,10,4160,2417,Coviran Granada,Coviran Granada,COV,4145,2419,Real Betis Baloncesto,Betis,BET,66,76,1670112000,68400,FALSE,TRUE,FALSE,Palacio Deportes Granada,Granada,3,0
103412,1,Liga Nacional,Liga Endesa,-402534000,NA,https://www.acb.com/Documentos/Cabeceras/logo-competicion-1b.png,https://www.acb.com/Documentos/Cabeceras/logo-competicion-4a.png,87,2022,107,107,Liga Regular,LR,0,0,5563,287,Semana 10,10,4149,2406,Real Madrid,Real Madrid,RMB,4156,2413,Valencia Basket,Valencia Basket,VBC,79,62,1670112000,61200,FALSE,TRUE,FALSE,WiZink Center,Madrid,4,0
103413,1,Liga Nacional,Liga Endesa,-402534000,NA,https://www.acb.com/Documentos/Cabeceras/logo-competicion-1b.png,https://www.acb.com/Documentos/Cabeceras/logo-competicion-4a.png,87,2022,107,107,Liga Regular,LR,0,0,5563,287,Semana 10,10,4154,2411,Cazoo Baskonia,Cazoo Baskonia,BKN,4150,2407,UCAM Murcia,UCAM Murcia,UCM,102,73,1670112000,57600,FALSE,TRUE,FALSE,Fernando Buesa Arena,Vitoria-Gasteiz,4,0
103414,1,Liga Nacional,Liga Endesa,-402534000,NA,https://www.acb.com/Documentos/Cabeceras/logo-competicion-1b.png,https://www.acb.com/Documentos/Cabeceras/logo-competicion-4a.png,87,2022,107,107,Liga Regular,LR,0,0,5563,287,Semana 10,10,4158,2415,Lenovo Tenerife,Lenovo Tenerife,LNT,4146,2403,Carplus Fuenlabrada,Carplus Fuenla,FUE,97,72,1670112000,43200,FALSE,TRUE,FALSE,Pab. Dep. Tenerife Santiago Martín,San Cristóbal de La Laguna,4,0
103415,1,Liga Nacional,Liga Endesa,-402534000,NA,https://www.acb.com/Documentos/Cabeceras/logo-competicion-1b.png,https://www.acb.com/Documentos/Cabeceras/logo-competicion-4a.png,87,2022,107,107,Liga Regular,LR,0,0,5563,287,Semana 10,10,4143,2399,Bàsquet Girona,Bàsquet Girona,GIR,4153,2410,Río Breogán,Río Breogán,BRE,66,73,1670112000,41400,FALSE,TRUE,FALSE,Palau Girona-Fontajau,Girona,1,0
103416,1,Liga Nacional,Liga Endesa,-402534000,NA,https://www.acb.com/Documentos/Cabeceras/logo-competicion-1b.png,https://www.acb.com/Documentos/Cabeceras/logo-competicion-4a.png,87,2022,107,107,Liga Regular,LR,0,0,5563,287,Semana 10,10,4151,2408,Monbus Obradoiro,Monbus Obra,MOB,4147,2404,Barça,Barça,BAR,76,74,1670025600,71100,FALSE,TRUE,FALSE,Multiusos Fontes do Sar,Santiago de Compostela,4,0
103417,1,Liga Nacional,Liga Endesa,-402534000,NA,https://www.acb.com/Documentos/Cabeceras/logo-competicion-1b.png,https://www.acb.com/Documentos/Cabeceras/logo-competicion-4a.png,87,2022,107,107,Liga Regular,LR,0,0,5563,287,Semana 10,10,4152,2409,Unicaja,Unicaja,UNI,4144,2400,Casademont Zaragoza,Casademont Zgz,CAZ,104,78,1670025600,71100,FALSE,TRUE,FALSE,Palacio de Deportes José María Martín Carpena,Málaga,3,0
103418,1,Liga Nacional,Liga Endesa,-402534000,NA,https://www.acb.com/Documentos/Cabeceras/logo-competicion-1b.png,https://www.acb.com/Documentos/Cabeceras/logo-competicion-4a.png,87,2022,107,107,Liga Regular,LR,0,0,5563,287,Semana 10,10,4148,2405,Surne Bilbao Basket,Surne Bilbao,SBB,4159,2416,Gran Canaria,Gran Canaria,GCA,76,72,1670025600,61200,FALSE,TRUE,FALSE,Bilbao Arena,Bilbao,3,0
103419,1,Liga Nacional,Liga Endesa,-402534000,NA,https://www.acb.com/Documentos/Cabeceras/logo-competicion-1b.png,https://www.acb.com/Documentos/Cabeceras/logo-competicion-4a.png,87,2022,107,107,Liga Regular,LR,0,0,5563,287,Semana 10,10,4155,2412,BAXI Manresa,BAXI Manresa,BAX,4157,2414,Joventut Badalona,Joventut,JOV,68,90,1670025600,61200,FALSE,TRUE,FALSE,Pavelló Nou Congost,Manresa,2,0
103441,1,Liga Nacional,Liga Endesa,-402534000,NA,https://www.acb.com/Documentos/Cabeceras/logo-competicion-1b.png,https://www.acb.com/Documentos/Cabeceras/logo-competicion-4a.png,87,2022,107,107,Liga Regular,LR,0,0,5564,286,Semana 11,11,4148,2405,Surne Bilbao Basket,Surne Bilbao,SBB,4151,2408,Monbus Obradoiro,Monbus Obra,MOB,77,80,1670716800,68400,FALSE,TRUE,FALSE,Bilbao Arena,Bilbao,4,0
103442,1,Liga Nacional,Liga Endesa,-402534000,NA,https://www.acb.com/Documentos/Cabeceras/logo-competicion-1b.png,https://www.acb.com/Documentos/Cabeceras/logo-competicion-4a.png,87,2022,107,107,Liga Regular,LR,0,0,5564,286,Semana 11,11,4159,2416,Gran Canaria,Gran Canaria,GCA,4154,2411,Cazoo Baskonia,Cazoo Baskonia,BKN,68,96,1670716800,63000,FALSE,TRUE,FALSE,Gran Canaria Arena,Las Palmas de Gran Canaria,4,0
103426,1,Liga Nacional,Liga Endesa,-402534000,NA,https://www.acb.com/Documentos/Cabeceras/logo-competicion-1b.png,https://www.acb.com/Documentos/Cabeceras/logo-competicion-4a.png,87,2022,107,107,Liga Regular,LR,0,0,5564,286,Semana 11,11,4153,2410,Río Breogán,Río Breogán,BRE,4147,2404,Barça,Barça,BAR,74,78,1670716800,57600,FALSE,TRUE,FALSE,Pazo Provincial dos Deportes de Lugo,Lugo,4,0
103424,1,Liga Nacional,Liga Endesa,-402534000,NA,https://www.acb.com/Documentos/Cabeceras/logo-competicion-1b.png,https://www.acb.com/Documentos/Cabeceras/logo-competicion-4a.png,87,2022,107,107,Liga Regular,LR,0,0,5564,286,Semana 11,11,4149,2406,Real Madrid,Real Madrid,RMB,4155,2412,BAXI Manresa,BAXI Manresa,BAX,103,89,1670716800,41400,FALSE,TRUE,FALSE,WiZink Center,Madrid,4,0
103425,1,Liga Nacional,Liga Endesa,-402534000,NA,https://www.acb.com/Documentos/Cabeceras/logo-competicion-1b.png,https://www.acb.com/Documentos/Cabeceras/logo-competicion-4a.png,87,2022,107,107,Liga Regular,LR,0,0,5564,286,Semana 11,11,4156,2413,Valencia Basket,Valencia Basket,VBC,4143,2399,Bàsquet Girona,Bàsquet Girona,GIR,104,69,1670716800,41400,FALSE,TRUE,FALSE,Pabellón Fuente de San Luis,Valencia,3,0
103408,1,Liga Nacional,Liga Endesa,-402534000,NA,https://www.acb.com/Documentos/Cabeceras/logo-competicion-1b.png,https://www.acb.com/Documentos/Cabeceras/logo-competicion-4a.png,87,2022,107,107,Liga Regular,LR,0,0,5564,286,Semana 11,11,4157,2414,Joventut Badalona,Joventut,JOV,4158,2415,Lenovo Tenerife,Lenovo Tenerife,LNT,78,69,1670630400,71100,FALSE,TRUE,FALSE,Palau Municipal D´Esports de Badalona,Badalona,4,0
103423,1,Liga Nacional,Liga Endesa,-402534000,NA,https://www.acb.com/Documentos/Cabeceras/logo-competicion-1b.png,https://www.acb.com/Documentos/Cabeceras/logo-competicion-4a.png,87,2022,107,107,Liga Regular,LR,0,0,5564,286,Semana 11,11,4144,2400,Casademont Zaragoza,Casademont Zgz,CAZ,4160,2417,Coviran Granada,Coviran Granada,COV,73,57,1670630400,71100,FALSE,TRUE,FALSE,Pabellón Príncipe Felipe,Zaragoza,4,0
103409,1,Liga Nacional,Liga Endesa,-402534000,NA,https://www.acb.com/Documentos/Cabeceras/logo-competicion-1b.png,https://www.acb.com/Documentos/Cabeceras/logo-competicion-4a.png,87,2022,107,107,Liga Regular,LR,0,0,5564,286,Semana 11,11,4150,2407,UCAM Murcia,UCAM Murcia,UCM,4145,2419,Real Betis Baloncesto,Betis,BET,76,72,1670630400,61200,FALSE,TRUE,FALSE,Palacio de Deportes de Murcia,Murcia,4,0
103410,1,Liga Nacional,Liga Endesa,-402534000,NA,https://www.acb.com/Documentos/Cabeceras/logo-competicion-1b.png,https://www.acb.com/Documentos/Cabeceras/logo-competicion-4a.png,87,2022,107,107,Liga Regular,LR,0,0,5564,286,Semana 11,11,4146,2403,Carplus Fuenlabrada,Carplus Fuenla,FUE,4152,2409,Unicaja,Unicaja,UNI,85,117,1670630400,61200,FALSE,TRUE,FALSE,Pabellón Fernando Martín,Fuenlabrada,4,0
103433,1,Liga Nacional,Liga Endesa,-402534000,NA,https://www.acb.com/Documentos/Cabeceras/logo-competicion-1b.png,https://www.acb.com/Documentos/Cabeceras/logo-competicion-4a.png,87,2022,107,107,Liga Regular,LR,0,0,5565,285,Semana 12,12,4147,2404,Barça,Barça,BAR,4152,2409,Unicaja,Unicaja,UNI,75,60,1671321600,68400,FALSE,TRUE,FALSE,Palau Blaugrana,Barcelona,4,0
103435,1,Liga Nacional,Liga Endesa,-402534000,NA,https://www.acb.com/Documentos/Cabeceras/logo-competicion-1b.png,https://www.acb.com/Documentos/Cabeceras/logo-competicion-4a.png,87,2022,107,107,Liga Regular,LR,0,0,5565,285,Semana 12,12,4154,2411,Cazoo Baskonia,Cazoo Baskonia,BKN,4146,2403,Carplus Fuenlabrada,Carplus Fuenla,FUE,102,88,1671321600,68400,FALSE,TRUE,FALSE,Fernando Buesa Arena,Vitoria-Gasteiz,4,0
103436,1,Liga Nacional,Liga Endesa,-402534000,NA,https://www.acb.com/Documentos/Cabeceras/logo-competicion-1b.png,https://www.acb.com/Documentos/Cabeceras/logo-competicion-4a.png,87,2022,107,107,Liga Regular,LR,0,0,5565,285,Semana 12,12,4160,2417,Coviran Granada,Coviran Granada,COV,4156,2413,Valencia Basket,Valencia Basket,VBC,81,110,1671321600,63000,FALSE,TRUE,FALSE,Palacio Deportes Granada,Granada,4,0
103443,1,Liga Nacional,Liga Endesa,-402534000,NA,https://www.acb.com/Documentos/Cabeceras/logo-competicion-1b.png,https://www.acb.com/Documentos/Cabeceras/logo-competicion-4a.png,87,2022,107,107,Liga Regular,LR,0,0,5565,285,Semana 12,12,4158,2415,Lenovo Tenerife,Lenovo Tenerife,LNT,4149,2406,Real Madrid,Real Madrid,RMB,67,80,1671321600,43200,FALSE,TRUE,FALSE,Pab. Dep. Tenerife Santiago Martín,San Cristóbal de La Laguna,4,0
103432,1,Liga Nacional,Liga Endesa,-402534000,NA,https://www.acb.com/Documentos/Cabeceras/logo-competicion-1b.png,https://www.acb.com/Documentos/Cabeceras/logo-competicion-4a.png,87,2022,107,107,Liga Regular,LR,0,0,5565,285,Semana 12,12,4143,2399,Bàsquet Girona,Bàsquet Girona,GIR,4144,2400,Casademont Zaragoza,Casademont Zgz,CAZ,78,69,1671321600,41400,FALSE,TRUE,FALSE,Palau Girona-Fontajau,Girona,4,0
103437,1,Liga Nacional,Liga Endesa,-402534000,NA,https://www.acb.com/Documentos/Cabeceras/logo-competicion-1b.png,https://www.acb.com/Documentos/Cabeceras/logo-competicion-4a.png,87,2022,107,107,Liga Regular,LR,0,0,5565,285,Semana 12,12,4155,2412,BAXI Manresa,BAXI Manresa,BAX,4148,2405,Surne Bilbao Basket,Surne Bilbao,SBB,76,86,1671235200,71100,FALSE,TRUE,FALSE,Pavelló Nou Congost,Manresa,1,0
103438,1,Liga Nacional,Liga Endesa,-402534000,NA,https://www.acb.com/Documentos/Cabeceras/logo-competicion-1b.png,https://www.acb.com/Documentos/Cabeceras/logo-competicion-4a.png,87,2022,107,107,Liga Regular,LR,0,0,5565,285,Semana 12,12,4150,2407,UCAM Murcia,UCAM Murcia,UCM,4159,2416,Gran Canaria,Gran Canaria,GCA,99,85,1671235200,71100,FALSE,TRUE,FALSE,Palacio de Deportes de Murcia,Murcia,4,0
103439,1,Liga Nacional,Liga Endesa,-402534000,NA,https://www.acb.com/Documentos/Cabeceras/logo-competicion-1b.png,https://www.acb.com/Documentos/Cabeceras/logo-competicion-4a.png,87,2022,107,107,Liga Regular,LR,0,0,5565,285,Semana 12,12,4151,2408,Monbus Obradoiro,Monbus Obra,MOB,4157,2414,Joventut Badalona,Joventut,JOV,74,91,1671235200,61200,FALSE,TRUE,FALSE,Multiusos Fontes do Sar,Santiago de Compostela,4,0
103440,1,Liga Nacional,Liga Endesa,-402534000,NA,https://www.acb.com/Documentos/Cabeceras/logo-competicion-1b.png,https://www.acb.com/Documentos/Cabeceras/logo-competicion-4a.png,87,2022,107,107,Liga Regular,LR,0,0,5565,285,Semana 12,12,4145,2419,Real Betis Baloncesto,Betis,BET,4153,2410,Río Breogán,Río Breogán,BRE,84,89,1671235200,61200,FALSE,TRUE,FALSE,Palacio Municipal de Deportes San Pablo,Sevilla,3,0
103386,1,Liga Nacional,Liga Endesa,-402534000,NA,https://www.acb.com/Documentos/Cabeceras/logo-competicion-1b.png,https://www.acb.com/Documentos/Cabeceras/logo-competicion-4a.png,87,2022,107,107,Liga Regular,LR,0,0,5566,283,Semana 14,13,4155,2412,BAXI Manresa,BAXI Manresa,BAX,4143,2399,Bàsquet Girona,Bàsquet Girona,GIR,82,79,1672358400,72000,FALSE,TRUE,FALSE,Pavelló Nou Congost,Manresa,4,0
103405,1,Liga Nacional,Liga Endesa,-402534000,NA,https://www.acb.com/Documentos/Cabeceras/logo-competicion-1b.png,https://www.acb.com/Documentos/Cabeceras/logo-competicion-4a.png,87,2022,107,107,Liga Regular,LR,0,0,5566,283,Semana 14,13,4146,2403,Carplus Fuenlabrada,Carplus Fuenla,FUE,4151,2408,Monbus Obradoiro,Monbus Obra,MOB,79,82,1672358400,63000,FALSE,TRUE,FALSE,Pabellón Fernando Martín,Fuenlabrada,4,0
103406,1,Liga Nacional,Liga Endesa,-402534000,NA,https://www.acb.com/Documentos/Cabeceras/logo-competicion-1b.png,https://www.acb.com/Documentos/Cabeceras/logo-competicion-4a.png,87,2022,107,107,Liga Regular,LR,0,0,5566,283,Semana 14,13,4158,2415,Lenovo Tenerife,Lenovo Tenerife,LNT,4160,2417,Coviran Granada,Coviran Granada,COV,98,66,1672272000,73800,FALSE,TRUE,FALSE,Pab. Dep. Tenerife Santiago Martín,San Cristóbal de La Laguna,4,0
103407,1,Liga Nacional,Liga Endesa,-402534000,NA,https://www.acb.com/Documentos/Cabeceras/logo-competicion-1b.png,https://www.acb.com/Documentos/Cabeceras/logo-competicion-4a.png,87,2022,107,107,Liga Regular,LR,0,0,5566,283,Semana 14,13,4157,2414,Joventut Badalona,Joventut,JOV,4145,2419,Real Betis Baloncesto,Betis,BET,93,81,1672272000,70200,FALSE,TRUE,FALSE,Palau Municipal D´Esports de Badalona,Badalona,4,0
103427,1,Liga Nacional,Liga Endesa,-402534000,NA,https://www.acb.com/Documentos/Cabeceras/logo-competicion-1b.png,https://www.acb.com/Documentos/Cabeceras/logo-competicion-4a.png,87,2022,107,107,Liga Regular,LR,0,0,5566,283,Semana 14,13,4152,2409,Unicaja,Unicaja,UNI,4150,2407,UCAM Murcia,UCAM Murcia,UCM,82,66,1672185600,73800,FALSE,TRUE,FALSE,Palacio de Deportes José María Martín Carpena,Málaga,4,0
103428,1,Liga Nacional,Liga Endesa,-402534000,NA,https://www.acb.com/Documentos/Cabeceras/logo-competicion-1b.png,https://www.acb.com/Documentos/Cabeceras/logo-competicion-4a.png,87,2022,107,107,Liga Regular,LR,0,0,5566,283,Semana 14,13,4147,2404,Barça,Barça,BAR,4144,2400,Casademont Zaragoza,Casademont Zgz,CAZ,68,63,1672185600,64800,FALSE,TRUE,FALSE,Palau Blaugrana,Barcelona,4,0
103429,1,Liga Nacional,Liga Endesa,-402534000,NA,https://www.acb.com/Documentos/Cabeceras/logo-competicion-1b.png,https://www.acb.com/Documentos/Cabeceras/logo-competicion-4a.png,87,2022,107,107,Liga Regular,LR,0,0,5566,283,Semana 14,13,4159,2416,Gran Canaria,Gran Canaria,GCA,4156,2413,Valencia Basket,Valencia Basket,VBC,95,89,1672099200,73800,FALSE,TRUE,FALSE,Gran Canaria Arena,Las Palmas de Gran Canaria,4,0
103430,1,Liga Nacional,Liga Endesa,-402534000,NA,https://www.acb.com/Documentos/Cabeceras/logo-competicion-1b.png,https://www.acb.com/Documentos/Cabeceras/logo-competicion-4a.png,87,2022,107,107,Liga Regular,LR,0,0,5566,283,Semana 14,13,4148,2405,Surne Bilbao Basket,Surne Bilbao,SBB,4149,2406,Real Madrid,Real Madrid,RMB,80,85,1672099200,72000,FALSE,TRUE,FALSE,Bilbao Arena,Bilbao,4,0
103431,1,Liga Nacional,Liga Endesa,-402534000,NA,https://www.acb.com/Documentos/Cabeceras/logo-competicion-1b.png,https://www.acb.com/Documentos/Cabeceras/logo-competicion-4a.png,87,2022,107,107,Liga Regular,LR,0,0,5566,283,Semana 14,13,4153,2410,Río Breogán,Río Breogán,BRE,4154,2411,Cazoo Baskonia,Cazoo Baskonia,BKN,77,86,1672099200,64800,FALSE,TRUE,FALSE,Pazo Provincial dos Deportes de Lugo,Lugo,3,0
